,sdr_id,sr_id,business_segment,lead_type,business_type,declared_product_catalog_size,declared_monthly_revenue
0,a8387c01a09e99ce014107505b92388c,4ef15afb4b2723d8f3d81e51ec7afefe,pet,online_medium,reseller,,0.0
1,09285259593c61296eef10c734121d5b,d3d1e91a157ea7f90548eef82f1955e3,car_accessories,industry,reseller,,0.0
2,b90f87164b5f8c2cfa5c8572834dbe3f,6565aa9ce3178a5caf6171827af3a9ba,home_appliances,online_big,reseller,,0.0
3,56bf83c4bb35763a51c2baab501b4c67,d3d1e91a157ea7f90548eef82f1955e3,food_drink,online_small,reseller,,0.0
4,4b339f9567d060bcea4f5136b9f5949e,d3d1e91a157ea7f90548eef82f1955e3,home_appliances,industry,manufacturer,,0.0
5,fdb16d3cbbeb5798f2f66c4096be026d,495d4e95a8cf8bbf8b432b612a2aa328,health_beauty,online_medium,manufacturer,,0.0
6,4b339f9567d060bcea4f5136b9f5949e,85fc447d336637ba1df43e793199fbc8,computers,online_medium,reseller,,0.0
7,34d40cdaf94010a1d05b0d6212f9e909,4ef15afb4b2723d8f3d81e51ec7afefe,health_beauty,offline,manufacturer,,0.0
8,f42a2bd194f7802ab052a815c8de65b7,6565aa9ce3178a5caf6171827af3a9ba,household_utilities,offline,reseller,,0.0
9,9d12ef1a7eca3ec58c545c678af7869c,9e4d1098a3b0f5da39b0bc48f9876645,household_utilities,online_medium,manufacturer,,0.0
10,fdb16d3cbbeb5798f2f66c4096be026d,4ef15afb4b2723d8f3d81e51ec7afefe,construction_tools_house_garden,online_medium,reseller,,0.0
11,de63de0d10a6012430098db33c679b0b,d3d1e91a157ea7f90548eef82f1955e3,construction_tools_house_garden,online_big,reseller,,0.0
12,09285259593c61296eef10c734121d5b,2695de1affa7750089c0455f8ce27021,household_utilities,online_medium,reseller,,0.0
13,4b339f9567d060bcea4f5136b9f5949e,9ae085775a198122c5586fa830ff7f2b,toys,online_big,reseller,,0.0
14,068066e24f0c643eb1d089c7dd20cd73,de63de0d10a6012430098db33c679b0b,sports_leisure,online_medium,reseller,,0.0
15,f42a2bd194f7802ab052a815c8de65b7,495d4e95a8cf8bbf8b432b612a2aa328,stationery,industry,reseller,2000.0,100000.0
16,09285259593c61296eef10c734121d5b,060c0a26f19f4d66b42e0d8796688490,food_drink,online_medium,manufacturer,,0.0
17,de63de0d10a6012430098db33c679b0b,4ef15afb4b2723d8f3d81e51ec7afefe,food_supplement,industry,manufacturer,,0.0
18,9d12ef1a7eca3ec58c545c678af7869c,fbf4aef3f6915dc0c3c97d6812522f6a,home_decor,online_medium,manufacturer,,0.0
19,b90f87164b5f8c2cfa5c8572834dbe3f,4ef15afb4b2723d8f3d81e51ec7afefe,health_beauty,online_top,reseller,,0.0
20,56bf83c4bb35763a51c2baab501b4c67,c638112b43f1d1b86dcabb0da720c901,bed_bath_table,offline,reseller,,0.0
21,9e4d1098a3b0f5da39b0bc48f9876645,060c0a26f19f4d66b42e0d8796688490,health_beauty,online_small,reseller,,0.0
22,56bf83c4bb35763a51c2baab501b4c67,9ae085775a198122c5586fa830ff7f2b,watches,online_big,reseller,,0.0
23,56bf83c4bb35763a51c2baab501b4c67,d3d1e91a157ea7f90548eef82f1955e3,fashion_accessories,online_beginner,manufacturer,,0.0
24,fdb16d3cbbeb5798f2f66c4096be026d,4ef15afb4b2723d8f3d81e51ec7afefe,jewerly,online_medium,manufacturer,,0.0
25,068066e24f0c643eb1d089c7dd20cd73,9ae085775a198122c5586fa830ff7f2b,home_decor,industry,manufacturer,,0.0
26,fdb16d3cbbeb5798f2f66c4096be026d,4ef15afb4b2723d8f3d81e51ec7afefe,pet,online_small,reseller,,0.0
27,4b339f9567d060bcea4f5136b9f5949e,fbf4aef3f6915dc0c3c97d6812522f6a,household_utilities,industry,reseller,,0.0
28,09285259593c61296eef10c734121d5b,6565aa9ce3178a5caf6171827af3a9ba,computers,online_beginner,reseller,,0.0
29,370c9f455f93a9a96cbe9bea48e70033,85fc447d336637ba1df43e793199fbc8,party,online_medium,manufacturer,,0.0
30,9d12ef1a7eca3ec58c545c678af7869c,a8387c01a09e99ce014107505b92388c,small_appliances,online_medium,reseller,,0.0
31,4b339f9567d060bcea4f5136b9f5949e,de63de0d10a6012430098db33c679b0b,food_supplement,online_small,reseller,,0.0
32,09285259593c61296eef10c734121d5b,de63de0d10a6012430098db33c679b0b,health_beauty,online_medium,reseller,,0.0
33,09285259593c61296eef10c734121d5b,fbf4aef3f6915dc0c3c97d6812522f6a,audio_video_electronics,industry,reseller,,0.0
34,e7dff61b78bebffa71678e126ce669ad,068066e24f0c643eb1d089c7dd20cd73,computers,online_medium,reseller,80.0,0.0
35,34d40cdaf94010a1d05b0d6212f9e909,85fc447d336637ba1df43e793199fbc8,pet,industry,manufacturer,,0.0
36,a8387c01a09e99ce014107505b92388c,9ae085775a198122c5586fa830ff7f2b,food_drink,online_medium,manufacturer,,0.0
37,6aa3b86a83d784b05f0e37e26b20860d,de63de0d10a6012430098db33c679b0b,health_beauty,online_medium,reseller,15.0,20000.0
38,4b339f9567d060bcea4f5136b9f5949e,6565aa9ce3178a5caf6171827af3a9ba,bed_bath_table,online_beginner,manufacturer,,0.0
39,56bf83c4bb35763a51c2baab501b4c67,d3d1e91a157ea7f90548eef82f1955e3,car_accessories,online_medium,reseller,,0.0
40,370c9f455f93a9a96cbe9bea48e70033,a8387c01a09e99ce014107505b92388c,health_beauty,online_medium,reseller,,0.0
41,084b6fbb10729ed4da8c3d3f5a3ae7c9,0a0fb2b07d841f84fb6714e35c723075,other,other,other,120.0,6000.0
42,068066e24f0c643eb1d089c7dd20cd73,2695de1affa7750089c0455f8ce27021,fashion_accessories,online_beginner,manufacturer,,0.0
43,9d12ef1a7eca3ec58c545c678af7869c,c638112b43f1d1b86dcabb0da720c901,home_decor,offline,manufacturer,,0.0
44,34d40cdaf94010a1d05b0d6212f9e909,2695de1affa7750089c0455f8ce27021,audio_video_electronics,offline,reseller,,0.0
45,4b339f9567d060bcea4f5136b9f5949e,9e4d1098a3b0f5da39b0bc48f9876645,home_decor,online_big,reseller,,0.0
46,9d12ef1a7eca3ec58c545c678af7869c,fbf4aef3f6915dc0c3c97d6812522f6a,home_decor,online_big,manufacturer,,0.0
47,4b339f9567d060bcea4f5136b9f5949e,495d4e95a8cf8bbf8b432b612a2aa328,car_accessories,online_medium,reseller,,0.0
48,fdb16d3cbbeb5798f2f66c4096be026d,060c0a26f19f4d66b42e0d8796688490,food_drink,industry,manufacturer,,0.0
49,9e4d1098a3b0f5da39b0bc48f9876645,4ef15afb4b2723d8f3d81e51ec7afefe,pet,online_medium,manufacturer,,0.0
50,34d40cdaf94010a1d05b0d6212f9e909,a8387c01a09e99ce014107505b92388c,food_supplement,online_beginner,reseller,,0.0
51,9749123c950bf8363ace42cb1c2d0815,4ef15afb4b2723d8f3d81e51ec7afefe,audio_video_electronics,online_big,reseller,,0.0
52,56bf83c4bb35763a51c2baab501b4c67,fbf4aef3f6915dc0c3c97d6812522f6a,construction_tools_house_garden,offline,reseller,,0.0
53,34d40cdaf94010a1d05b0d6212f9e909,495d4e95a8cf8bbf8b432b612a2aa328,bags_backpacks,industry,manufacturer,,0.0
54,9d12ef1a7eca3ec58c545c678af7869c,4ef15afb4b2723d8f3d81e51ec7afefe,construction_tools_house_garden,online_medium,reseller,,0.0
55,a8387c01a09e99ce014107505b92388c,9e4d1098a3b0f5da39b0bc48f9876645,construction_tools_house_garden,online_medium,manufacturer,,0.0
56,9e4d1098a3b0f5da39b0bc48f9876645,6565aa9ce3178a5caf6171827af3a9ba,jewerly,online_small,reseller,,0.0
57,f42a2bd194f7802ab052a815c8de65b7,85fc447d336637ba1df43e793199fbc8,audio_video_electronics,online_small,reseller,,0.0
58,4b339f9567d060bcea4f5136b9f5949e,de63de0d10a6012430098db33c679b0b,home_decor,online_medium,manufacturer,,0.0
59,fdb16d3cbbeb5798f2f66c4096be026d,4ef15afb4b2723d8f3d81e51ec7afefe,toys,online_big,reseller,1000.0,180000.0
60,9d12ef1a7eca3ec58c545c678af7869c,fbf4aef3f6915dc0c3c97d6812522f6a,small_appliances,online_big,reseller,,0.0
61,a8387c01a09e99ce014107505b92388c,4ef15afb4b2723d8f3d81e51ec7afefe,home_office_furniture,offline,manufacturer,,0.0
62,068066e24f0c643eb1d089c7dd20cd73,6565aa9ce3178a5caf6171827af3a9ba,home_decor,online_medium,reseller,,0.0
63,56bf83c4bb35763a51c2baab501b4c67,6565aa9ce3178a5caf6171827af3a9ba,car_accessories,online_medium,reseller,,0.0
64,a8387c01a09e99ce014107505b92388c,9e4d1098a3b0f5da39b0bc48f9876645,car_accessories,online_big,reseller,,0.0
65,09285259593c61296eef10c734121d5b,d3d1e91a157ea7f90548eef82f1955e3,health_beauty,online_medium,reseller,,0.0
66,a8387c01a09e99ce014107505b92388c,2695de1affa7750089c0455f8ce27021,pet,online_small,reseller,,0.0
67,56bf83c4bb35763a51c2baab501b4c67,c638112b43f1d1b86dcabb0da720c901,home_decor,online_small,manufacturer,,0.0
68,56bf83c4bb35763a51c2baab501b4c67,4ef15afb4b2723d8f3d81e51ec7afefe,food_drink,offline,reseller,,0.0
69,0a0fb2b07d841f84fb6714e35c723075,4ef15afb4b2723d8f3d81e51ec7afefe,music_instruments,industry,reseller,,0.0
70,45749fb708130f78d0db07d8d80f030b,34d40cdaf94010a1d05b0d6212f9e909,bed_bath_table,online_medium,reseller,50.0,30000.0
71,56bf83c4bb35763a51c2baab501b4c67,4ef15afb4b2723d8f3d81e51ec7afefe,computers,offline,reseller,,0.0
72,068066e24f0c643eb1d089c7dd20cd73,4ef15afb4b2723d8f3d81e51ec7afefe,pet,online_top,reseller,,0.0
73,a8387c01a09e99ce014107505b92388c,6565aa9ce3178a5caf6171827af3a9ba,home_decor,online_medium,manufacturer,,0.0
74,34d40cdaf94010a1d05b0d6212f9e909,de63de0d10a6012430098db33c679b0b,car_accessories,online_big,reseller,,0.0
75,de63de0d10a6012430098db33c679b0b,6565aa9ce3178a5caf6171827af3a9ba,household_utilities,online_small,reseller,,0.0
76,a8387c01a09e99ce014107505b92388c,060c0a26f19f4d66b42e0d8796688490,car_accessories,online_medium,reseller,,0.0
77,09285259593c61296eef10c734121d5b,d3d1e91a157ea7f90548eef82f1955e3,audio_video_electronics,online_medium,reseller,,0.0
78,de63de0d10a6012430098db33c679b0b,4ef15afb4b2723d8f3d81e51ec7afefe,food_drink,industry,reseller,,0.0
79,b90f87164b5f8c2cfa5c8572834dbe3f,85fc447d336637ba1df43e793199fbc8,health_beauty,online_medium,reseller,,0.0
80,34d40cdaf94010a1d05b0d6212f9e909,060c0a26f19f4d66b42e0d8796688490,computers,online_beginner,reseller,,0.0
81,e7dff61b78bebffa71678e126ce669ad,a8387c01a09e99ce014107505b92388c,construction_tools_house_garden,online_beginner,reseller,4.0,6.0
82,9e4d1098a3b0f5da39b0bc48f9876645,fbf4aef3f6915dc0c3c97d6812522f6a,home_decor,online_small,reseller,,0.0
83,068066e24f0c643eb1d089c7dd20cd73,060c0a26f19f4d66b42e0d8796688490,construction_tools_house_garden,industry,reseller,,0.0
84,de63de0d10a6012430098db33c679b0b,d3d1e91a157ea7f90548eef82f1955e3,computers,online_beginner,reseller,,0.0
85,9e4d1098a3b0f5da39b0bc48f9876645,495d4e95a8cf8bbf8b432b612a2aa328,home_decor,online_small,reseller,,0.0
86,e7dff61b78bebffa71678e126ce669ad,2695de1affa7750089c0455f8ce27021,audio_video_electronics,online_medium,reseller,50.0,0.0
87,9d12ef1a7eca3ec58c545c678af7869c,56bf83c4bb35763a51c2baab501b4c67,home_office_furniture,online_medium,reseller,,0.0
88,068066e24f0c643eb1d089c7dd20cd73,9ae085775a198122c5586fa830ff7f2b,home_decor,online_medium,manufacturer,,0.0
89,de63de0d10a6012430098db33c679b0b,4ef15afb4b2723d8f3d81e51ec7afefe,household_utilities,online_big,manufacturer,,0.0
90,370c9f455f93a9a96cbe9bea48e70033,9e4d1098a3b0f5da39b0bc48f9876645,home_appliances,online_medium,reseller,,0.0
91,09285259593c61296eef10c734121d5b,4ef15afb4b2723d8f3d81e51ec7afefe,health_beauty,online_medium,reseller,,0.0
92,4b339f9567d060bcea4f5136b9f5949e,2695de1affa7750089c0455f8ce27021,food_supplement,industry,manufacturer,,0.0
93,9e4d1098a3b0f5da39b0bc48f9876645,6565aa9ce3178a5caf6171827af3a9ba,car_accessories,online_medium,reseller,,0.0
94,370c9f455f93a9a96cbe9bea48e70033,9e4d1098a3b0f5da39b0bc48f9876645,books,online_big,reseller,,0.0
95,4b339f9567d060bcea4f5136b9f5949e,495d4e95a8cf8bbf8b432b612a2aa328,construction_tools_house_garden,online_big,manufacturer,,0.0
96,f42a2bd194f7802ab052a815c8de65b7,4ef15afb4b2723d8f3d81e51ec7afefe,household_utilities,,reseller,,0.0
97,e7dff61b78bebffa71678e126ce669ad,9ae085775a198122c5586fa830ff7f2b,stationery,industry,reseller,,0.0
98,f42a2bd194f7802ab052a815c8de65b7,9ae085775a198122c5586fa830ff7f2b,home_decor,online_medium,reseller,,0.0
99,4b339f9567d060bcea4f5136b9f5949e,fbf4aef3f6915dc0c3c97d6812522f6a,household_utilities,industry,reseller,,0.0
100,f42a2bd194f7802ab052a815c8de65b7,9d12ef1a7eca3ec58c545c678af7869c,construction_tools_house_garden,offline,reseller,400.0,100000.0
101,4b339f9567d060bcea4f5136b9f5949e,85fc447d336637ba1df43e793199fbc8,car_accessories,online_top,reseller,,0.0
102,4b339f9567d060bcea4f5136b9f5949e,4b339f9567d060bcea4f5136b9f5949e,car_accessories,online_big,reseller,,0.0
103,068066e24f0c643eb1d089c7dd20cd73,85fc447d336637ba1df43e793199fbc8,audio_video_electronics,online_big,reseller,,0.0
104,9e4d1098a3b0f5da39b0bc48f9876645,85fc447d336637ba1df43e793199fbc8,baby,online_small,manufacturer,,0.0
105,0a0fb2b07d841f84fb6714e35c723075,495d4e95a8cf8bbf8b432b612a2aa328,books,online_big,reseller,,0.0
106,56bf83c4bb35763a51c2baab501b4c67,c638112b43f1d1b86dcabb0da720c901,home_office_furniture,industry,reseller,,0.0
107,4b339f9567d060bcea4f5136b9f5949e,495d4e95a8cf8bbf8b432b612a2aa328,health_beauty,online_big,reseller,,0.0
108,9749123c950bf8363ace42cb1c2d0815,2695de1affa7750089c0455f8ce27021,home_decor,online_big,reseller,800.0,100000.0
109,b90f87164b5f8c2cfa5c8572834dbe3f,56bf83c4bb35763a51c2baab501b4c67,car_accessories,online_medium,reseller,,0.0
110,9e4d1098a3b0f5da39b0bc48f9876645,9ae085775a198122c5586fa830ff7f2b,household_utilities,offline,reseller,,0.0
111,0a0fb2b07d841f84fb6714e35c723075,9e4d1098a3b0f5da39b0bc48f9876645,home_office_furniture,online_beginner,reseller,,0.0
112,9e4d1098a3b0f5da39b0bc48f9876645,85fc447d336637ba1df43e793199fbc8,sports_leisure,online_medium,reseller,,0.0
113,4b339f9567d060bcea4f5136b9f5949e,9ae085775a198122c5586fa830ff7f2b,books,online_medium,manufacturer,,0.0
114,068066e24f0c643eb1d089c7dd20cd73,fbf4aef3f6915dc0c3c97d6812522f6a,pet,online_medium,reseller,,0.0
115,56bf83c4bb35763a51c2baab501b4c67,c638112b43f1d1b86dcabb0da720c901,household_utilities,industry,manufacturer,,0.0
116,b90f87164b5f8c2cfa5c8572834dbe3f,4ef15afb4b2723d8f3d81e51ec7afefe,party,offline,manufacturer,,0.0
117,f42a2bd194f7802ab052a815c8de65b7,d3d1e91a157ea7f90548eef82f1955e3,audio_video_electronics,online_beginner,reseller,5.0,0.0
118,370c9f455f93a9a96cbe9bea48e70033,4ef15afb4b2723d8f3d81e51ec7afefe,food_drink,online_medium,reseller,,0.0
119,282f16e20d50cb18d05182e80f6b9dd6,d3d1e91a157ea7f90548eef82f1955e3,household_utilities,online_big,reseller,100.0,150000.0
120,9e4d1098a3b0f5da39b0bc48f9876645,c638112b43f1d1b86dcabb0da720c901,audio_video_electronics,online_medium,reseller,,0.0
121,4b339f9567d060bcea4f5136b9f5949e,fbf4aef3f6915dc0c3c97d6812522f6a,health_beauty,online_medium,manufacturer,,0.0
122,a8387c01a09e99ce014107505b92388c,9e4d1098a3b0f5da39b0bc48f9876645,home_decor,online_medium,reseller,,0.0
123,4b339f9567d060bcea4f5136b9f5949e,495d4e95a8cf8bbf8b432b612a2aa328,air_conditioning,online_medium,reseller,,0.0
124,f42a2bd194f7802ab052a815c8de65b7,de63de0d10a6012430098db33c679b0b,household_utilities,offline,reseller,,0.0
125,370c9f455f93a9a96cbe9bea48e70033,34d40cdaf94010a1d05b0d6212f9e909,car_accessories,offline,reseller,50.0,10000.0
126,9d12ef1a7eca3ec58c545c678af7869c,068066e24f0c643eb1d089c7dd20cd73,pet,online_small,reseller,,0.0
127,fdb16d3cbbeb5798f2f66c4096be026d,9ae085775a198122c5586fa830ff7f2b,car_accessories,industry,reseller,,0.0
128,a8387c01a09e99ce014107505b92388c,9e4d1098a3b0f5da39b0bc48f9876645,audio_video_electronics,industry,reseller,,0.0
129,a8387c01a09e99ce014107505b92388c,fbf4aef3f6915dc0c3c97d6812522f6a,sports_leisure,online_medium,manufacturer,,0.0
130,e7dff61b78bebffa71678e126ce669ad,4b339f9567d060bcea4f5136b9f5949e,health_beauty,online_medium,reseller,300.0,25000.0
131,9e4d1098a3b0f5da39b0bc48f9876645,495d4e95a8cf8bbf8b432b612a2aa328,household_utilities,online_medium,reseller,,0.0
132,09285259593c61296eef10c734121d5b,de63de0d10a6012430098db33c679b0b,car_accessories,online_medium,reseller,,0.0
133,56bf83c4bb35763a51c2baab501b4c67,56bf83c4bb35763a51c2baab501b4c67,food_supplement,offline,reseller,,0.0
134,34d40cdaf94010a1d05b0d6212f9e909,4ef15afb4b2723d8f3d81e51ec7afefe,bed_bath_table,online_big,reseller,,0.0
135,0a0fb2b07d841f84fb6714e35c723075,495d4e95a8cf8bbf8b432b612a2aa328,audio_video_electronics,industry,reseller,,0.0
136,4b339f9567d060bcea4f5136b9f5949e,2695de1affa7750089c0455f8ce27021,audio_video_electronics,online_beginner,reseller,,0.0
137,4b339f9567d060bcea4f5136b9f5949e,d3d1e91a157ea7f90548eef82f1955e3,household_utilities,online_medium,reseller,,0.0
138,de63de0d10a6012430098db33c679b0b,d3d1e91a157ea7f90548eef82f1955e3,home_decor,online_beginner,manufacturer,,0.0
139,56bf83c4bb35763a51c2baab501b4c67,2695de1affa7750089c0455f8ce27021,pet,offline,reseller,,0.0
140,fdb16d3cbbeb5798f2f66c4096be026d,4ef15afb4b2723d8f3d81e51ec7afefe,health_beauty,online_small,reseller,,0.0
141,9e4d1098a3b0f5da39b0bc48f9876645,2695de1affa7750089c0455f8ce27021,sports_leisure,online_big,reseller,,0.0
142,068066e24f0c643eb1d089c7dd20cd73,9ae085775a198122c5586fa830ff7f2b,household_utilities,online_medium,reseller,,0.0
143,9d12ef1a7eca3ec58c545c678af7869c,4ef15afb4b2723d8f3d81e51ec7afefe,audio_video_electronics,industry,manufacturer,,0.0
144,de63de0d10a6012430098db33c679b0b,d3d1e91a157ea7f90548eef82f1955e3,home_decor,online_big,reseller,,0.0
145,4b339f9567d060bcea4f5136b9f5949e,2695de1affa7750089c0455f8ce27021,home_appliances,online_medium,reseller,,0.0
146,068066e24f0c643eb1d089c7dd20cd73,4ef15afb4b2723d8f3d81e51ec7afefe,health_beauty,online_medium,manufacturer,,0.0
147,9d12ef1a7eca3ec58c545c678af7869c,a8387c01a09e99ce014107505b92388c,health_beauty,online_big,reseller,,0.0
148,56bf83c4bb35763a51c2baab501b4c67,fbf4aef3f6915dc0c3c97d6812522f6a,audio_video_electronics,online_small,reseller,,0.0
149,4b339f9567d060bcea4f5136b9f5949e,d3d1e91a157ea7f90548eef82f1955e3,books,online_medium,reseller,,0.0
150,a8387c01a09e99ce014107505b92388c,2695de1affa7750089c0455f8ce27021,home_decor,online_big,reseller,,0.0
151,370c9f455f93a9a96cbe9bea48e70033,56bf83c4bb35763a51c2baab501b4c67,sports_leisure,online_medium,reseller,,0.0
152,fdb16d3cbbeb5798f2f66c4096be026d,fbf4aef3f6915dc0c3c97d6812522f6a,construction_tools_house_garden,online_medium,manufacturer,,0.0
153,09285259593c61296eef10c734121d5b,6565aa9ce3178a5caf6171827af3a9ba,car_accessories,online_medium,reseller,,0.0
154,4b339f9567d060bcea4f5136b9f5949e,de63de0d10a6012430098db33c679b0b,health_beauty,online_big,reseller,,0.0
155,9d12ef1a7eca3ec58c545c678af7869c,de63de0d10a6012430098db33c679b0b,household_utilities,online_big,reseller,1000.0,0.0
156,068066e24f0c643eb1d089c7dd20cd73,9ae085775a198122c5586fa830ff7f2b,health_beauty,online_medium,reseller,,0.0
157,34d40cdaf94010a1d05b0d6212f9e909,068066e24f0c643eb1d089c7dd20cd73,home_decor,industry,reseller,,0.0
158,9e4d1098a3b0f5da39b0bc48f9876645,6565aa9ce3178a5caf6171827af3a9ba,construction_tools_house_garden,online_big,reseller,,0.0
159,f42a2bd194f7802ab052a815c8de65b7,85fc447d336637ba1df43e793199fbc8,food_drink,online_beginner,manufacturer,,0.0
160,56bf83c4bb35763a51c2baab501b4c67,495d4e95a8cf8bbf8b432b612a2aa328,health_beauty,offline,reseller,,0.0
161,9d12ef1a7eca3ec58c545c678af7869c,4ef15afb4b2723d8f3d81e51ec7afefe,phone_mobile,industry,reseller,,0.0
162,4b339f9567d060bcea4f5136b9f5949e,6565aa9ce3178a5caf6171827af3a9ba,music_instruments,online_medium,reseller,,0.0
163,a8387c01a09e99ce014107505b92388c,4ef15afb4b2723d8f3d81e51ec7afefe,construction_tools_house_garden,online_medium,reseller,,0.0
164,370c9f455f93a9a96cbe9bea48e70033,d3d1e91a157ea7f90548eef82f1955e3,audio_video_electronics,online_medium,reseller,,0.0
165,9d12ef1a7eca3ec58c545c678af7869c,d3d1e91a157ea7f90548eef82f1955e3,small_appliances,online_big,reseller,,0.0
166,a8387c01a09e99ce014107505b92388c,9ae085775a198122c5586fa830ff7f2b,car_accessories,online_beginner,reseller,,0.0
167,a8387c01a09e99ce014107505b92388c,4ef15afb4b2723d8f3d81e51ec7afefe,sports_leisure,online_small,manufacturer,,0.0
168,56bf83c4bb35763a51c2baab501b4c67,d3d1e91a157ea7f90548eef82f1955e3,baby,online_big,reseller,,0.0
169,f6c6ab65a1c732f154b371401448be6d,495d4e95a8cf8bbf8b432b612a2aa328,baby,online_small,reseller,,0.0
170,09285259593c61296eef10c734121d5b,d3d1e91a157ea7f90548eef82f1955e3,jewerly,online_small,reseller,,0.0
171,34d40cdaf94010a1d05b0d6212f9e909,495d4e95a8cf8bbf8b432b612a2aa328,audio_video_electronics,online_big,reseller,,0.0
172,4b339f9567d060bcea4f5136b9f5949e,c638112b43f1d1b86dcabb0da720c901,books,industry,reseller,,0.0
173,9d12ef1a7eca3ec58c545c678af7869c,068066e24f0c643eb1d089c7dd20cd73,home_decor,online_medium,manufacturer,,0.0
174,4b339f9567d060bcea4f5136b9f5949e,6565aa9ce3178a5caf6171827af3a9ba,household_utilities,online_medium,manufacturer,,0.0
175,9d12ef1a7eca3ec58c545c678af7869c,495d4e95a8cf8bbf8b432b612a2aa328,pet,online_big,reseller,,0.0
176,4b339f9567d060bcea4f5136b9f5949e,4ef15afb4b2723d8f3d81e51ec7afefe,computers,online_medium,reseller,,0.0
177,0a0fb2b07d841f84fb6714e35c723075,de63de0d10a6012430098db33c679b0b,household_utilities,industry,reseller,,0.0
178,56bf83c4bb35763a51c2baab501b4c67,9ae085775a198122c5586fa830ff7f2b,home_decor,online_medium,manufacturer,,0.0
179,b90f87164b5f8c2cfa5c8572834dbe3f,4b339f9567d060bcea4f5136b9f5949e,construction_tools_house_garden,industry,manufacturer,,0.0
180,9e4d1098a3b0f5da39b0bc48f9876645,85fc447d336637ba1df43e793199fbc8,construction_tools_house_garden,offline,reseller,,0.0
181,370c9f455f93a9a96cbe9bea48e70033,de63de0d10a6012430098db33c679b0b,car_accessories,online_big,reseller,,0.0
182,de63de0d10a6012430098db33c679b0b,9ae085775a198122c5586fa830ff7f2b,car_accessories,industry,reseller,,0.0
183,a8387c01a09e99ce014107505b92388c,56bf83c4bb35763a51c2baab501b4c67,construction_tools_house_garden,online_big,reseller,,0.0
184,0a0fb2b07d841f84fb6714e35c723075,de63de0d10a6012430098db33c679b0b,sports_leisure,online_medium,reseller,,0.0
185,4b339f9567d060bcea4f5136b9f5949e,85fc447d336637ba1df43e793199fbc8,home_decor,online_big,manufacturer,,0.0
186,9d12ef1a7eca3ec58c545c678af7869c,2695de1affa7750089c0455f8ce27021,,industry,reseller,,0.0
187,4b339f9567d060bcea4f5136b9f5949e,9ae085775a198122c5586fa830ff7f2b,audio_video_electronics,online_big,reseller,,0.0
188,2b63542749aa9caf15f21816da1db341,4ef15afb4b2723d8f3d81e51ec7afefe,construction_tools_house_garden,industry,manufacturer,10.0,50000000.0
189,9e4d1098a3b0f5da39b0bc48f9876645,6565aa9ce3178a5caf6171827af3a9ba,bed_bath_table,offline,reseller,,0.0
190,9d12ef1a7eca3ec58c545c678af7869c,56bf83c4bb35763a51c2baab501b4c67,home_decor,offline,reseller,,0.0
191,de63de0d10a6012430098db33c679b0b,060c0a26f19f4d66b42e0d8796688490,construction_tools_house_garden,online_big,reseller,,0.0
192,370c9f455f93a9a96cbe9bea48e70033,85fc447d336637ba1df43e793199fbc8,home_decor,industry,manufacturer,40.0,100000.0
193,9d12ef1a7eca3ec58c545c678af7869c,d3d1e91a157ea7f90548eef82f1955e3,small_appliances,industry,manufacturer,,0.0
194,9d12ef1a7eca3ec58c545c678af7869c,068066e24f0c643eb1d089c7dd20cd73,bed_bath_table,online_medium,reseller,,0.0
195,f42a2bd194f7802ab052a815c8de65b7,85fc447d336637ba1df43e793199fbc8,household_utilities,offline,reseller,,0.0
196,de63de0d10a6012430098db33c679b0b,9ae085775a198122c5586fa830ff7f2b,home_decor,online_medium,manufacturer,,0.0
197,09285259593c61296eef10c734121d5b,2695de1affa7750089c0455f8ce27021,car_accessories,online_medium,reseller,,0.0
198,fdb16d3cbbeb5798f2f66c4096be026d,9ae085775a198122c5586fa830ff7f2b,audio_video_electronics,industry,reseller,,0.0
199,a8387c01a09e99ce014107505b92388c,2695de1affa7750089c0455f8ce27021,handcrafted,online_medium,reseller,,0.0
200,56bf83c4bb35763a51c2baab501b4c67,fbf4aef3f6915dc0c3c97d6812522f6a,music_instruments,online_small,reseller,,0.0
201,09285259593c61296eef10c734121d5b,a8387c01a09e99ce014107505b92388c,household_utilities,online_beginner,reseller,,0.0
202,4b339f9567d060bcea4f5136b9f5949e,4ef15afb4b2723d8f3d81e51ec7afefe,home_office_furniture,industry,manufacturer,,0.0
203,0a0fb2b07d841f84fb6714e35c723075,34d40cdaf94010a1d05b0d6212f9e909,audio_video_electronics,online_beginner,reseller,,0.0
204,b90f87164b5f8c2cfa5c8572834dbe3f,85fc447d336637ba1df43e793199fbc8,construction_tools_house_garden,online_big,reseller,,0.0
205,a8387c01a09e99ce014107505b92388c,2695de1affa7750089c0455f8ce27021,home_decor,online_small,reseller,,0.0
206,b34f6eba10f46bf9a657a01c108a8284,068066e24f0c643eb1d089c7dd20cd73,health_beauty,online_medium,reseller,500.0,30000.0
207,9749123c950bf8363ace42cb1c2d0815,4ef15afb4b2723d8f3d81e51ec7afefe,car_accessories,online_big,reseller,,0.0
208,56bf83c4bb35763a51c2baab501b4c67,4ef15afb4b2723d8f3d81e51ec7afefe,construction_tools_house_garden,online_big,manufacturer,,0.0
209,56bf83c4bb35763a51c2baab501b4c67,6565aa9ce3178a5caf6171827af3a9ba,health_beauty,offline,manufacturer,,0.0
210,09285259593c61296eef10c734121d5b,56bf83c4bb35763a51c2baab501b4c67,audio_video_electronics,offline,reseller,,0.0
211,e7dff61b78bebffa71678e126ce669ad,d3d1e91a157ea7f90548eef82f1955e3,audio_video_electronics,online_medium,reseller,,0.0
212,34d40cdaf94010a1d05b0d6212f9e909,2695de1affa7750089c0455f8ce27021,food_supplement,offline,reseller,,0.0
213,068066e24f0c643eb1d089c7dd20cd73,85fc447d336637ba1df43e793199fbc8,construction_tools_house_garden,industry,reseller,,0.0
214,56bf83c4bb35763a51c2baab501b4c67,85fc447d336637ba1df43e793199fbc8,car_accessories,online_big,reseller,,0.0
215,9d12ef1a7eca3ec58c545c678af7869c,de63de0d10a6012430098db33c679b0b,car_accessories,offline,reseller,,0.0
216,4b339f9567d060bcea4f5136b9f5949e,c638112b43f1d1b86dcabb0da720c901,fashion_accessories,online_medium,reseller,,0.0
217,a8387c01a09e99ce014107505b92388c,d3d1e91a157ea7f90548eef82f1955e3,household_utilities,online_big,reseller,,0.0
218,f42a2bd194f7802ab052a815c8de65b7,de63de0d10a6012430098db33c679b0b,car_accessories,offline,reseller,,0.0
219,068066e24f0c643eb1d089c7dd20cd73,de63de0d10a6012430098db33c679b0b,household_utilities,online_top,reseller,,0.0
220,56bf83c4bb35763a51c2baab501b4c67,de63de0d10a6012430098db33c679b0b,health_beauty,online_medium,reseller,,0.0
221,9d12ef1a7eca3ec58c545c678af7869c,068066e24f0c643eb1d089c7dd20cd73,household_utilities,online_small,manufacturer,4.0,0.0
222,fdb16d3cbbeb5798f2f66c4096be026d,fbf4aef3f6915dc0c3c97d6812522f6a,home_decor,online_medium,manufacturer,,0.0
223,09285259593c61296eef10c734121d5b,85fc447d336637ba1df43e793199fbc8,food_drink,industry,manufacturer,,0.0
224,4b339f9567d060bcea4f5136b9f5949e,9749123c950bf8363ace42cb1c2d0815,construction_tools_house_garden,industry,manufacturer,100.0,0.0
225,068066e24f0c643eb1d089c7dd20cd73,c638112b43f1d1b86dcabb0da720c901,watches,online_top,reseller,,0.0
226,068066e24f0c643eb1d089c7dd20cd73,fbf4aef3f6915dc0c3c97d6812522f6a,health_beauty,online_big,manufacturer,,0.0
227,9d12ef1a7eca3ec58c545c678af7869c,495d4e95a8cf8bbf8b432b612a2aa328,construction_tools_house_garden,industry,reseller,,0.0
228,34d40cdaf94010a1d05b0d6212f9e909,de63de0d10a6012430098db33c679b0b,health_beauty,online_small,reseller,,0.0
229,b90f87164b5f8c2cfa5c8572834dbe3f,85fc447d336637ba1df43e793199fbc8,food_supplement,online_small,manufacturer,,0.0
230,de63de0d10a6012430098db33c679b0b,d3d1e91a157ea7f90548eef82f1955e3,home_office_furniture,online_medium,manufacturer,,0.0
231,f42a2bd194f7802ab052a815c8de65b7,fbf4aef3f6915dc0c3c97d6812522f6a,food_drink,industry,manufacturer,,0.0
232,4b339f9567d060bcea4f5136b9f5949e,4ef15afb4b2723d8f3d81e51ec7afefe,fashion_accessories,online_small,reseller,,0.0
233,de63de0d10a6012430098db33c679b0b,c638112b43f1d1b86dcabb0da720c901,car_accessories,offline,reseller,,0.0
234,9d12ef1a7eca3ec58c545c678af7869c,4ef15afb4b2723d8f3d81e51ec7afefe,toys,online_medium,reseller,,0.0
235,56bf83c4bb35763a51c2baab501b4c67,495d4e95a8cf8bbf8b432b612a2aa328,home_decor,online_medium,reseller,,0.0
236,e7dff61b78bebffa71678e126ce669ad,9749123c950bf8363ace42cb1c2d0815,health_beauty,online_small,reseller,200.0,210000.0
237,e7dff61b78bebffa71678e126ce669ad,34d40cdaf94010a1d05b0d6212f9e909,perfume,online_medium,reseller,20.0,15000.0
238,068066e24f0c643eb1d089c7dd20cd73,6565aa9ce3178a5caf6171827af3a9ba,sports_leisure,online_medium,reseller,,0.0
239,a8387c01a09e99ce014107505b92388c,2695de1affa7750089c0455f8ce27021,fashion_accessories,online_medium,,,0.0
240,34d40cdaf94010a1d05b0d6212f9e909,068066e24f0c643eb1d089c7dd20cd73,household_utilities,offline,reseller,,0.0
241,4b339f9567d060bcea4f5136b9f5949e,6565aa9ce3178a5caf6171827af3a9ba,audio_video_electronics,online_medium,reseller,,0.0
242,34d40cdaf94010a1d05b0d6212f9e909,068066e24f0c643eb1d089c7dd20cd73,household_utilities,offline,reseller,,0.0
243,fdb16d3cbbeb5798f2f66c4096be026d,060c0a26f19f4d66b42e0d8796688490,fashion_accessories,industry,reseller,,0.0
244,b90f87164b5f8c2cfa5c8572834dbe3f,d3d1e91a157ea7f90548eef82f1955e3,audio_video_electronics,online_small,reseller,,0.0
245,4b339f9567d060bcea4f5136b9f5949e,fbf4aef3f6915dc0c3c97d6812522f6a,audio_video_electronics,industry,reseller,,0.0
246,a8387c01a09e99ce014107505b92388c,068066e24f0c643eb1d089c7dd20cd73,computers,offline,reseller,,0.0
247,4b339f9567d060bcea4f5136b9f5949e,4ef15afb4b2723d8f3d81e51ec7afefe,bags_backpacks,online_small,manufacturer,,0.0
248,0cdad77786224a7cefea567b8c75c3c1,6565aa9ce3178a5caf6171827af3a9ba,construction_tools_house_garden,online_medium,reseller,,0.0
249,4b339f9567d060bcea4f5136b9f5949e,4ef15afb4b2723d8f3d81e51ec7afefe,household_utilities,online_medium,manufacturer,,0.0
250,de63de0d10a6012430098db33c679b0b,4ef15afb4b2723d8f3d81e51ec7afefe,home_decor,online_medium,reseller,,0.0
251,f42a2bd194f7802ab052a815c8de65b7,2695de1affa7750089c0455f8ce27021,home_decor,online_medium,reseller,,0.0
252,068066e24f0c643eb1d089c7dd20cd73,fbf4aef3f6915dc0c3c97d6812522f6a,home_decor,online_medium,manufacturer,,0.0
253,4b339f9567d060bcea4f5136b9f5949e,2695de1affa7750089c0455f8ce27021,construction_tools_house_garden,offline,reseller,,0.0
254,a8387c01a09e99ce014107505b92388c,060c0a26f19f4d66b42e0d8796688490,construction_tools_house_garden,online_medium,manufacturer,,0.0
255,fdb16d3cbbeb5798f2f66c4096be026d,9ae085775a198122c5586fa830ff7f2b,toys,industry,manufacturer,,0.0
256,fdb16d3cbbeb5798f2f66c4096be026d,4ef15afb4b2723d8f3d81e51ec7afefe,audio_video_electronics,online_medium,reseller,,0.0
257,9d12ef1a7eca3ec58c545c678af7869c,d3d1e91a157ea7f90548eef82f1955e3,pet,online_big,reseller,,0.0
258,068066e24f0c643eb1d089c7dd20cd73,85fc447d336637ba1df43e793199fbc8,car_accessories,industry,reseller,,0.0
259,4b339f9567d060bcea4f5136b9f5949e,495d4e95a8cf8bbf8b432b612a2aa328,car_accessories,offline,reseller,,0.0
260,de63de0d10a6012430098db33c679b0b,fbf4aef3f6915dc0c3c97d6812522f6a,health_beauty,online_small,manufacturer,,0.0
261,fdb16d3cbbeb5798f2f66c4096be026d,fbf4aef3f6915dc0c3c97d6812522f6a,health_beauty,online_medium,reseller,,0.0
262,4b339f9567d060bcea4f5136b9f5949e,4ef15afb4b2723d8f3d81e51ec7afefe,music_instruments,online_small,reseller,,0.0
263,4b339f9567d060bcea4f5136b9f5949e,de63de0d10a6012430098db33c679b0b,health_beauty,industry,reseller,,0.0
264,4b339f9567d060bcea4f5136b9f5949e,d3d1e91a157ea7f90548eef82f1955e3,computers,online_medium,reseller,,0.0
265,9d12ef1a7eca3ec58c545c678af7869c,495d4e95a8cf8bbf8b432b612a2aa328,handcrafted,online_medium,,,0.0
266,9749123c950bf8363ace42cb1c2d0815,d3d1e91a157ea7f90548eef82f1955e3,music_instruments,online_big,reseller,,0.0
267,b90f87164b5f8c2cfa5c8572834dbe3f,4ef15afb4b2723d8f3d81e51ec7afefe,construction_tools_house_garden,online_big,reseller,,0.0
268,fdb16d3cbbeb5798f2f66c4096be026d,495d4e95a8cf8bbf8b432b612a2aa328,stationery,industry,reseller,,0.0
269,4b339f9567d060bcea4f5136b9f5949e,4ef15afb4b2723d8f3d81e51ec7afefe,computers,online_top,reseller,,0.0
270,9d12ef1a7eca3ec58c545c678af7869c,4ef15afb4b2723d8f3d81e51ec7afefe,home_office_furniture,online_medium,reseller,,0.0
271,0cdad77786224a7cefea567b8c75c3c1,c638112b43f1d1b86dcabb0da720c901,home_decor,online_medium,manufacturer,,0.0
272,068066e24f0c643eb1d089c7dd20cd73,fbf4aef3f6915dc0c3c97d6812522f6a,stationery,online_medium,manufacturer,,0.0
273,9e4d1098a3b0f5da39b0bc48f9876645,4ef15afb4b2723d8f3d81e51ec7afefe,audio_video_electronics,online_medium,reseller,,0.0
274,b90f87164b5f8c2cfa5c8572834dbe3f,2695de1affa7750089c0455f8ce27021,small_appliances,online_big,reseller,,0.0
275,9d12ef1a7eca3ec58c545c678af7869c,d3d1e91a157ea7f90548eef82f1955e3,home_office_furniture,offline,manufacturer,,0.0
276,a8387c01a09e99ce014107505b92388c,495d4e95a8cf8bbf8b432b612a2aa328,food_supplement,online_top,reseller,,0.0
277,a8387c01a09e99ce014107505b92388c,4ef15afb4b2723d8f3d81e51ec7afefe,household_utilities,industry,manufacturer,,0.0
278,b90f87164b5f8c2cfa5c8572834dbe3f,9d12ef1a7eca3ec58c545c678af7869c,perfume,online_medium,reseller,400.0,0.0
279,f42a2bd194f7802ab052a815c8de65b7,85fc447d336637ba1df43e793199fbc8,health_beauty,online_beginner,reseller,,0.0
280,09285259593c61296eef10c734121d5b,85fc447d336637ba1df43e793199fbc8,household_utilities,online_medium,reseller,,0.0
281,4b339f9567d060bcea4f5136b9f5949e,85fc447d336637ba1df43e793199fbc8,phone_mobile,online_medium,reseller,,0.0
282,9d12ef1a7eca3ec58c545c678af7869c,56bf83c4bb35763a51c2baab501b4c67,home_office_furniture,offline,reseller,,0.0
283,34d40cdaf94010a1d05b0d6212f9e909,a8387c01a09e99ce014107505b92388c,bed_bath_table,online_big,reseller,,0.0
284,34d40cdaf94010a1d05b0d6212f9e909,9e4d1098a3b0f5da39b0bc48f9876645,home_decor,online_small,manufacturer,,0.0
285,4b339f9567d060bcea4f5136b9f5949e,a8387c01a09e99ce014107505b92388c,car_accessories,online_medium,reseller,,0.0
286,0a0fb2b07d841f84fb6714e35c723075,de63de0d10a6012430098db33c679b0b,food_supplement,online_small,reseller,,0.0
287,a8387c01a09e99ce014107505b92388c,56bf83c4bb35763a51c2baab501b4c67,construction_tools_house_garden,online_small,reseller,,0.0
288,34d40cdaf94010a1d05b0d6212f9e909,a8387c01a09e99ce014107505b92388c,sports_leisure,online_small,reseller,100.0,0.0
289,370c9f455f93a9a96cbe9bea48e70033,85fc447d336637ba1df43e793199fbc8,pet,online_big,manufacturer,,0.0
290,4b339f9567d060bcea4f5136b9f5949e,6565aa9ce3178a5caf6171827af3a9ba,car_accessories,online_medium,reseller,,0.0
291,9d12ef1a7eca3ec58c545c678af7869c,9e4d1098a3b0f5da39b0bc48f9876645,household_utilities,online_medium,reseller,,0.0
292,9e4d1098a3b0f5da39b0bc48f9876645,2695de1affa7750089c0455f8ce27021,audio_video_electronics,offline,reseller,,0.0
293,de63de0d10a6012430098db33c679b0b,6565aa9ce3178a5caf6171827af3a9ba,small_appliances,online_big,reseller,,0.0
294,4b339f9567d060bcea4f5136b9f5949e,6565aa9ce3178a5caf6171827af3a9ba,health_beauty,online_medium,reseller,,0.0
295,0a0fb2b07d841f84fb6714e35c723075,6565aa9ce3178a5caf6171827af3a9ba,sports_leisure,online_medium,reseller,,0.0
296,4b339f9567d060bcea4f5136b9f5949e,de63de0d10a6012430098db33c679b0b,bags_backpacks,online_medium,reseller,,0.0
297,f42a2bd194f7802ab052a815c8de65b7,2695de1affa7750089c0455f8ce27021,car_accessories,offline,manufacturer,,0.0
298,b90f87164b5f8c2cfa5c8572834dbe3f,4ef15afb4b2723d8f3d81e51ec7afefe,household_utilities,online_medium,reseller,,0.0
299,a8387c01a09e99ce014107505b92388c,c638112b43f1d1b86dcabb0da720c901,pet,online_big,reseller,,0.0
300,a8387c01a09e99ce014107505b92388c,495d4e95a8cf8bbf8b432b612a2aa328,household_utilities,online_medium,manufacturer,,0.0
301,4b339f9567d060bcea4f5136b9f5949e,2695de1affa7750089c0455f8ce27021,audio_video_electronics,online_medium,reseller,,0.0
302,56bf83c4bb35763a51c2baab501b4c67,9ae085775a198122c5586fa830ff7f2b,home_decor,online_medium,manufacturer,,0.0
303,56bf83c4bb35763a51c2baab501b4c67,56bf83c4bb35763a51c2baab501b4c67,construction_tools_house_garden,industry,manufacturer,,0.0
304,068066e24f0c643eb1d089c7dd20cd73,9e4d1098a3b0f5da39b0bc48f9876645,home_appliances,online_top,reseller,,0.0
305,f42a2bd194f7802ab052a815c8de65b7,4ef15afb4b2723d8f3d81e51ec7afefe,small_appliances,online_medium,reseller,,0.0
306,56bf83c4bb35763a51c2baab501b4c67,495d4e95a8cf8bbf8b432b612a2aa328,home_decor,online_medium,manufacturer,,0.0
307,f42a2bd194f7802ab052a815c8de65b7,2695de1affa7750089c0455f8ce27021,watches,online_medium,reseller,,0.0
308,4b339f9567d060bcea4f5136b9f5949e,6565aa9ce3178a5caf6171827af3a9ba,food_drink,online_medium,reseller,,0.0
309,34d40cdaf94010a1d05b0d6212f9e909,4ef15afb4b2723d8f3d81e51ec7afefe,health_beauty,online_big,reseller,,0.0
310,fdb16d3cbbeb5798f2f66c4096be026d,9ae085775a198122c5586fa830ff7f2b,food_drink,offline,reseller,,0.0
311,a8387c01a09e99ce014107505b92388c,d3d1e91a157ea7f90548eef82f1955e3,home_office_furniture,online_beginner,reseller,,0.0
312,34d40cdaf94010a1d05b0d6212f9e909,fbf4aef3f6915dc0c3c97d6812522f6a,car_accessories,online_big,reseller,,0.0
313,068066e24f0c643eb1d089c7dd20cd73,060c0a26f19f4d66b42e0d8796688490,audio_video_electronics,online_medium,reseller,,0.0
314,068066e24f0c643eb1d089c7dd20cd73,2695de1affa7750089c0455f8ce27021,car_accessories,online_medium,reseller,,0.0
315,9e4d1098a3b0f5da39b0bc48f9876645,c638112b43f1d1b86dcabb0da720c901,pet,industry,reseller,,0.0
316,068066e24f0c643eb1d089c7dd20cd73,495d4e95a8cf8bbf8b432b612a2aa328,home_decor,online_big,reseller,,0.0
317,de63de0d10a6012430098db33c679b0b,4ef15afb4b2723d8f3d81e51ec7afefe,household_utilities,industry,manufacturer,,0.0
318,9749123c950bf8363ace42cb1c2d0815,495d4e95a8cf8bbf8b432b612a2aa328,party,online_medium,reseller,500.0,20000.0
319,34d40cdaf94010a1d05b0d6212f9e909,de63de0d10a6012430098db33c679b0b,food_supplement,offline,reseller,,0.0
320,9e4d1098a3b0f5da39b0bc48f9876645,85fc447d336637ba1df43e793199fbc8,food_supplement,online_medium,reseller,,0.0
321,4b339f9567d060bcea4f5136b9f5949e,fbf4aef3f6915dc0c3c97d6812522f6a,construction_tools_house_garden,online_top,reseller,,0.0
322,068066e24f0c643eb1d089c7dd20cd73,495d4e95a8cf8bbf8b432b612a2aa328,home_decor,online_big,reseller,,0.0
323,09285259593c61296eef10c734121d5b,6565aa9ce3178a5caf6171827af3a9ba,construction_tools_house_garden,online_medium,manufacturer,,0.0
324,4b339f9567d060bcea4f5136b9f5949e,c638112b43f1d1b86dcabb0da720c901,audio_video_electronics,online_big,reseller,,0.0
325,4b339f9567d060bcea4f5136b9f5949e,9e4d1098a3b0f5da39b0bc48f9876645,home_decor,online_medium,manufacturer,,0.0
326,370c9f455f93a9a96cbe9bea48e70033,d3d1e91a157ea7f90548eef82f1955e3,health_beauty,industry,,,0.0
327,34d40cdaf94010a1d05b0d6212f9e909,2695de1affa7750089c0455f8ce27021,food_drink,industry,manufacturer,,0.0
328,56bf83c4bb35763a51c2baab501b4c67,4ef15afb4b2723d8f3d81e51ec7afefe,watches,offline,reseller,,0.0
329,9e4d1098a3b0f5da39b0bc48f9876645,6565aa9ce3178a5caf6171827af3a9ba,car_accessories,online_big,manufacturer,,0.0
330,56bf83c4bb35763a51c2baab501b4c67,6565aa9ce3178a5caf6171827af3a9ba,food_supplement,online_big,reseller,,0.0
331,4b339f9567d060bcea4f5136b9f5949e,fbf4aef3f6915dc0c3c97d6812522f6a,toys,online_medium,reseller,,0.0
332,56bf83c4bb35763a51c2baab501b4c67,060c0a26f19f4d66b42e0d8796688490,health_beauty,online_medium,reseller,,0.0
333,34d40cdaf94010a1d05b0d6212f9e909,9e4d1098a3b0f5da39b0bc48f9876645,toys,industry,manufacturer,,0.0
334,4b339f9567d060bcea4f5136b9f5949e,56bf83c4bb35763a51c2baab501b4c67,air_conditioning,online_medium,reseller,,0.0
335,45749fb708130f78d0db07d8d80f030b,9749123c950bf8363ace42cb1c2d0815,construction_tools_house_garden,online_medium,reseller,20.0,15000.0
336,9d12ef1a7eca3ec58c545c678af7869c,de63de0d10a6012430098db33c679b0b,audio_video_electronics,online_medium,manufacturer,,0.0
337,56bf83c4bb35763a51c2baab501b4c67,d3d1e91a157ea7f90548eef82f1955e3,pet,industry,reseller,,0.0
338,fdb16d3cbbeb5798f2f66c4096be026d,d3d1e91a157ea7f90548eef82f1955e3,computers,online_medium,reseller,,0.0
339,9d12ef1a7eca3ec58c545c678af7869c,2695de1affa7750089c0455f8ce27021,home_decor,online_medium,manufacturer,,0.0
340,56bf83c4bb35763a51c2baab501b4c67,de63de0d10a6012430098db33c679b0b,bags_backpacks,online_small,manufacturer,,0.0
341,a8387c01a09e99ce014107505b92388c,2695de1affa7750089c0455f8ce27021,home_decor,online_big,reseller,,0.0
342,4b339f9567d060bcea4f5136b9f5949e,fbf4aef3f6915dc0c3c97d6812522f6a,food_drink,online_medium,manufacturer,,0.0
343,fdb16d3cbbeb5798f2f66c4096be026d,6565aa9ce3178a5caf6171827af3a9ba,jewerly,industry,reseller,,0.0
344,370c9f455f93a9a96cbe9bea48e70033,2695de1affa7750089c0455f8ce27021,music_instruments,online_beginner,manufacturer,100.0,0.0
345,4b339f9567d060bcea4f5136b9f5949e,6565aa9ce3178a5caf6171827af3a9ba,food_supplement,industry,manufacturer,,0.0
346,4b339f9567d060bcea4f5136b9f5949e,2695de1affa7750089c0455f8ce27021,home_decor,online_beginner,reseller,,0.0
347,068066e24f0c643eb1d089c7dd20cd73,d3d1e91a157ea7f90548eef82f1955e3,toys,online_beginner,reseller,,0.0
348,56bf83c4bb35763a51c2baab501b4c67,6565aa9ce3178a5caf6171827af3a9ba,gifts,offline,reseller,,0.0
349,6b13bcea409754a002210eb96b8aad4a,6565aa9ce3178a5caf6171827af3a9ba,books,online_small,manufacturer,,0.0
350,9e4d1098a3b0f5da39b0bc48f9876645,c638112b43f1d1b86dcabb0da720c901,car_accessories,online_medium,reseller,,0.0
351,370c9f455f93a9a96cbe9bea48e70033,56bf83c4bb35763a51c2baab501b4c67,pet,online_medium,reseller,,0.0
352,068066e24f0c643eb1d089c7dd20cd73,6565aa9ce3178a5caf6171827af3a9ba,car_accessories,online_medium,reseller,,0.0
353,f42a2bd194f7802ab052a815c8de65b7,9749123c950bf8363ace42cb1c2d0815,household_utilities,offline,reseller,1.0,0.0
354,4b339f9567d060bcea4f5136b9f5949e,6565aa9ce3178a5caf6171827af3a9ba,home_decor,industry,manufacturer,,0.0
355,0a0fb2b07d841f84fb6714e35c723075,6565aa9ce3178a5caf6171827af3a9ba,car_accessories,industry,reseller,,0.0
356,b90f87164b5f8c2cfa5c8572834dbe3f,9ae085775a198122c5586fa830ff7f2b,food_drink,industry,reseller,,0.0
357,9e4d1098a3b0f5da39b0bc48f9876645,495d4e95a8cf8bbf8b432b612a2aa328,pet,online_medium,reseller,,0.0
358,56bf83c4bb35763a51c2baab501b4c67,de63de0d10a6012430098db33c679b0b,audio_video_electronics,online_big,manufacturer,,0.0
359,56bf83c4bb35763a51c2baab501b4c67,4ef15afb4b2723d8f3d81e51ec7afefe,health_beauty,offline,reseller,,0.0
360,068066e24f0c643eb1d089c7dd20cd73,060c0a26f19f4d66b42e0d8796688490,toys,online_medium,manufacturer,,0.0
361,de63de0d10a6012430098db33c679b0b,4ef15afb4b2723d8f3d81e51ec7afefe,health_beauty,online_small,manufacturer,,0.0
362,9e4d1098a3b0f5da39b0bc48f9876645,060c0a26f19f4d66b42e0d8796688490,construction_tools_house_garden,industry,reseller,,0.0
363,9d12ef1a7eca3ec58c545c678af7869c,de63de0d10a6012430098db33c679b0b,home_decor,online_small,manufacturer,,0.0
364,4b339f9567d060bcea4f5136b9f5949e,d3d1e91a157ea7f90548eef82f1955e3,construction_tools_house_garden,online_medium,reseller,,0.0
365,068066e24f0c643eb1d089c7dd20cd73,de63de0d10a6012430098db33c679b0b,bags_backpacks,online_medium,reseller,,0.0
366,9e4d1098a3b0f5da39b0bc48f9876645,fbf4aef3f6915dc0c3c97d6812522f6a,bags_backpacks,online_medium,manufacturer,,0.0
367,4b339f9567d060bcea4f5136b9f5949e,de63de0d10a6012430098db33c679b0b,toys,online_medium,reseller,,0.0
368,370c9f455f93a9a96cbe9bea48e70033,4ef15afb4b2723d8f3d81e51ec7afefe,fashion_accessories,online_beginner,reseller,,0.0
369,09285259593c61296eef10c734121d5b,d3d1e91a157ea7f90548eef82f1955e3,construction_tools_house_garden,online_medium,reseller,,0.0
370,9e4d1098a3b0f5da39b0bc48f9876645,c638112b43f1d1b86dcabb0da720c901,bed_bath_table,online_big,reseller,,0.0
371,4b339f9567d060bcea4f5136b9f5949e,2695de1affa7750089c0455f8ce27021,bed_bath_table,online_medium,reseller,,0.0
372,de63de0d10a6012430098db33c679b0b,4ef15afb4b2723d8f3d81e51ec7afefe,construction_tools_house_garden,online_beginner,reseller,,0.0
373,b90f87164b5f8c2cfa5c8572834dbe3f,4ef15afb4b2723d8f3d81e51ec7afefe,computers,online_big,reseller,,0.0
374,4b339f9567d060bcea4f5136b9f5949e,4ef15afb4b2723d8f3d81e51ec7afefe,toys,online_medium,reseller,,0.0
375,fdb16d3cbbeb5798f2f66c4096be026d,fbf4aef3f6915dc0c3c97d6812522f6a,home_decor,online_big,reseller,,0.0
376,068066e24f0c643eb1d089c7dd20cd73,4ef15afb4b2723d8f3d81e51ec7afefe,home_decor,online_medium,manufacturer,,0.0
377,9e4d1098a3b0f5da39b0bc48f9876645,495d4e95a8cf8bbf8b432b612a2aa328,car_accessories,online_big,reseller,,0.0
378,45749fb708130f78d0db07d8d80f030b,9ae085775a198122c5586fa830ff7f2b,home_decor,industry,manufacturer,,0.0
379,34d40cdaf94010a1d05b0d6212f9e909,2695de1affa7750089c0455f8ce27021,home_decor,online_small,reseller,,0.0
380,068066e24f0c643eb1d089c7dd20cd73,2695de1affa7750089c0455f8ce27021,household_utilities,offline,reseller,,0.0
381,09285259593c61296eef10c734121d5b,d3d1e91a157ea7f90548eef82f1955e3,home_decor,online_big,manufacturer,,0.0
382,09285259593c61296eef10c734121d5b,9749123c950bf8363ace42cb1c2d0815,fashion_accessories,industry,reseller,200.0,0.0
383,fdb16d3cbbeb5798f2f66c4096be026d,6565aa9ce3178a5caf6171827af3a9ba,car_accessories,online_medium,reseller,,0.0
384,068066e24f0c643eb1d089c7dd20cd73,2695de1affa7750089c0455f8ce27021,construction_tools_house_garden,online_medium,reseller,,0.0
385,f42a2bd194f7802ab052a815c8de65b7,2695de1affa7750089c0455f8ce27021,food_supplement,online_top,manufacturer,,0.0
386,068066e24f0c643eb1d089c7dd20cd73,9ae085775a198122c5586fa830ff7f2b,construction_tools_house_garden,online_medium,manufacturer,,0.0
387,09285259593c61296eef10c734121d5b,2695de1affa7750089c0455f8ce27021,household_utilities,online_small,manufacturer,,0.0
388,068066e24f0c643eb1d089c7dd20cd73,85fc447d336637ba1df43e793199fbc8,bed_bath_table,online_medium,reseller,,0.0
389,a8387c01a09e99ce014107505b92388c,85fc447d336637ba1df43e793199fbc8,gifts,online_beginner,reseller,,0.0
390,9d12ef1a7eca3ec58c545c678af7869c,a8387c01a09e99ce014107505b92388c,health_beauty,online_medium,reseller,,0.0
391,f42a2bd194f7802ab052a815c8de65b7,9ae085775a198122c5586fa830ff7f2b,audio_video_electronics,online_small,reseller,,0.0
392,068066e24f0c643eb1d089c7dd20cd73,9749123c950bf8363ace42cb1c2d0815,audio_video_electronics,online_medium,reseller,70.0,250000.0
393,b90f87164b5f8c2cfa5c8572834dbe3f,9ae085775a198122c5586fa830ff7f2b,home_decor,,reseller,,0.0
394,09285259593c61296eef10c734121d5b,d3d1e91a157ea7f90548eef82f1955e3,handcrafted,offline,,,0.0
395,068066e24f0c643eb1d089c7dd20cd73,d3d1e91a157ea7f90548eef82f1955e3,toys,online_small,reseller,,0.0
396,068066e24f0c643eb1d089c7dd20cd73,6565aa9ce3178a5caf6171827af3a9ba,home_decor,online_medium,manufacturer,,0.0
397,4b339f9567d060bcea4f5136b9f5949e,6565aa9ce3178a5caf6171827af3a9ba,construction_tools_house_garden,online_medium,reseller,,0.0
398,34d40cdaf94010a1d05b0d6212f9e909,2695de1affa7750089c0455f8ce27021,computers,online_big,reseller,,0.0
399,0a0fb2b07d841f84fb6714e35c723075,a8387c01a09e99ce014107505b92388c,food_drink,online_small,manufacturer,,0.0
400,4b339f9567d060bcea4f5136b9f5949e,85fc447d336637ba1df43e793199fbc8,household_utilities,online_top,reseller,,0.0
401,56bf83c4bb35763a51c2baab501b4c67,4ef15afb4b2723d8f3d81e51ec7afefe,audio_video_electronics,online_medium,reseller,,0.0
402,4b339f9567d060bcea4f5136b9f5949e,fbf4aef3f6915dc0c3c97d6812522f6a,construction_tools_house_garden,online_medium,reseller,,0.0
403,f42a2bd194f7802ab052a815c8de65b7,85fc447d336637ba1df43e793199fbc8,home_decor,industry,manufacturer,,0.0
404,a8387c01a09e99ce014107505b92388c,4ef15afb4b2723d8f3d81e51ec7afefe,health_beauty,online_medium,manufacturer,,0.0
405,56bf83c4bb35763a51c2baab501b4c67,c638112b43f1d1b86dcabb0da720c901,health_beauty,online_small,manufacturer,,0.0
406,09285259593c61296eef10c734121d5b,4ef15afb4b2723d8f3d81e51ec7afefe,car_accessories,online_medium,reseller,,0.0
407,370c9f455f93a9a96cbe9bea48e70033,85fc447d336637ba1df43e793199fbc8,sports_leisure,online_big,reseller,,0.0
408,e7dff61b78bebffa71678e126ce669ad,de63de0d10a6012430098db33c679b0b,phone_mobile,online_big,reseller,45.0,8000000.0
409,a8387c01a09e99ce014107505b92388c,9ae085775a198122c5586fa830ff7f2b,bags_backpacks,online_medium,reseller,,0.0
410,068066e24f0c643eb1d089c7dd20cd73,a8387c01a09e99ce014107505b92388c,household_utilities,industry,manufacturer,,0.0
411,56bf83c4bb35763a51c2baab501b4c67,068066e24f0c643eb1d089c7dd20cd73,computers,online_small,reseller,20.0,40000.0
412,4b339f9567d060bcea4f5136b9f5949e,d3d1e91a157ea7f90548eef82f1955e3,health_beauty,online_big,reseller,,0.0
413,34d40cdaf94010a1d05b0d6212f9e909,85fc447d336637ba1df43e793199fbc8,home_decor,online_beginner,reseller,,0.0
414,de63de0d10a6012430098db33c679b0b,d3d1e91a157ea7f90548eef82f1955e3,construction_tools_house_garden,online_big,reseller,,0.0
415,4b339f9567d060bcea4f5136b9f5949e,495d4e95a8cf8bbf8b432b612a2aa328,audio_video_electronics,online_medium,reseller,,0.0
416,4b339f9567d060bcea4f5136b9f5949e,4ef15afb4b2723d8f3d81e51ec7afefe,construction_tools_house_garden,online_big,reseller,,0.0
417,de63de0d10a6012430098db33c679b0b,d3d1e91a157ea7f90548eef82f1955e3,bed_bath_table,industry,manufacturer,,0.0
418,068066e24f0c643eb1d089c7dd20cd73,060c0a26f19f4d66b42e0d8796688490,sports_leisure,online_medium,reseller,,0.0
419,068066e24f0c643eb1d089c7dd20cd73,495d4e95a8cf8bbf8b432b612a2aa328,audio_video_electronics,online_big,manufacturer,,0.0
420,068066e24f0c643eb1d089c7dd20cd73,d3d1e91a157ea7f90548eef82f1955e3,handcrafted,online_big,reseller,,0.0
421,4b339f9567d060bcea4f5136b9f5949e,4ef15afb4b2723d8f3d81e51ec7afefe,car_accessories,online_medium,reseller,,0.0
422,068066e24f0c643eb1d089c7dd20cd73,4ef15afb4b2723d8f3d81e51ec7afefe,baby,online_medium,manufacturer,,0.0
423,de63de0d10a6012430098db33c679b0b,d3d1e91a157ea7f90548eef82f1955e3,jewerly,online_beginner,manufacturer,,0.0
424,068066e24f0c643eb1d089c7dd20cd73,de63de0d10a6012430098db33c679b0b,home_decor,online_beginner,reseller,,0.0
425,de63de0d10a6012430098db33c679b0b,6565aa9ce3178a5caf6171827af3a9ba,computers,industry,reseller,,0.0
426,4b339f9567d060bcea4f5136b9f5949e,85fc447d336637ba1df43e793199fbc8,car_accessories,online_medium,reseller,,0.0
427,9d12ef1a7eca3ec58c545c678af7869c,4ef15afb4b2723d8f3d81e51ec7afefe,food_drink,offline,reseller,,0.0
428,34d40cdaf94010a1d05b0d6212f9e909,a8387c01a09e99ce014107505b92388c,bags_backpacks,online_big,reseller,,0.0
429,9e4d1098a3b0f5da39b0bc48f9876645,85fc447d336637ba1df43e793199fbc8,construction_tools_house_garden,online_big,reseller,,0.0
430,09285259593c61296eef10c734121d5b,fbf4aef3f6915dc0c3c97d6812522f6a,construction_tools_house_garden,online_medium,manufacturer,,0.0
431,56bf83c4bb35763a51c2baab501b4c67,4ef15afb4b2723d8f3d81e51ec7afefe,car_accessories,online_medium,reseller,,0.0
432,9d12ef1a7eca3ec58c545c678af7869c,6565aa9ce3178a5caf6171827af3a9ba,car_accessories,online_medium,reseller,,0.0
433,4b339f9567d060bcea4f5136b9f5949e,6565aa9ce3178a5caf6171827af3a9ba,jewerly,industry,,,0.0
434,56bf83c4bb35763a51c2baab501b4c67,495d4e95a8cf8bbf8b432b612a2aa328,fashion_accessories,online_small,manufacturer,,0.0
435,9e4d1098a3b0f5da39b0bc48f9876645,2695de1affa7750089c0455f8ce27021,music_instruments,online_medium,reseller,,0.0
436,9d12ef1a7eca3ec58c545c678af7869c,4ef15afb4b2723d8f3d81e51ec7afefe,bed_bath_table,online_medium,manufacturer,,0.0
437,56bf83c4bb35763a51c2baab501b4c67,9ae085775a198122c5586fa830ff7f2b,phone_mobile,industry,reseller,,0.0
438,4b339f9567d060bcea4f5136b9f5949e,d3d1e91a157ea7f90548eef82f1955e3,bags_backpacks,online_small,manufacturer,,0.0
439,34d40cdaf94010a1d05b0d6212f9e909,de63de0d10a6012430098db33c679b0b,computers,offline,reseller,,0.0
440,4b339f9567d060bcea4f5136b9f5949e,4b339f9567d060bcea4f5136b9f5949e,sports_leisure,online_medium,,,0.0
441,0a0fb2b07d841f84fb6714e35c723075,495d4e95a8cf8bbf8b432b612a2aa328,health_beauty,industry,reseller,,0.0
442,f42a2bd194f7802ab052a815c8de65b7,2695de1affa7750089c0455f8ce27021,home_decor,offline,manufacturer,,0.0
443,370c9f455f93a9a96cbe9bea48e70033,9e4d1098a3b0f5da39b0bc48f9876645,fashion_accessories,online_big,reseller,,0.0
444,9e4d1098a3b0f5da39b0bc48f9876645,4ef15afb4b2723d8f3d81e51ec7afefe,home_decor,online_small,manufacturer,,0.0
445,068066e24f0c643eb1d089c7dd20cd73,495d4e95a8cf8bbf8b432b612a2aa328,pet,,reseller,,0.0
446,56bf83c4bb35763a51c2baab501b4c67,2695de1affa7750089c0455f8ce27021,home_decor,online_medium,manufacturer,,0.0
447,068066e24f0c643eb1d089c7dd20cd73,9ae085775a198122c5586fa830ff7f2b,audio_video_electronics,,reseller,,0.0
448,068066e24f0c643eb1d089c7dd20cd73,060c0a26f19f4d66b42e0d8796688490,food_supplement,online_medium,reseller,,0.0
449,370c9f455f93a9a96cbe9bea48e70033,6565aa9ce3178a5caf6171827af3a9ba,handcrafted,online_medium,manufacturer,22.0,0.0
450,a8387c01a09e99ce014107505b92388c,495d4e95a8cf8bbf8b432b612a2aa328,home_decor,online_medium,reseller,,0.0
451,45749fb708130f78d0db07d8d80f030b,068066e24f0c643eb1d089c7dd20cd73,fashion_accessories,offline,manufacturer,15.0,0.0
452,34d40cdaf94010a1d05b0d6212f9e909,6565aa9ce3178a5caf6171827af3a9ba,household_utilities,online_big,reseller,,0.0
453,56bf83c4bb35763a51c2baab501b4c67,4ef15afb4b2723d8f3d81e51ec7afefe,home_decor,online_medium,manufacturer,,0.0
454,068066e24f0c643eb1d089c7dd20cd73,4ef15afb4b2723d8f3d81e51ec7afefe,audio_video_electronics,online_medium,reseller,,0.0
455,34d40cdaf94010a1d05b0d6212f9e909,a8387c01a09e99ce014107505b92388c,fashion_accessories,offline,reseller,,0.0
456,9e4d1098a3b0f5da39b0bc48f9876645,6565aa9ce3178a5caf6171827af3a9ba,sports_leisure,industry,reseller,,0.0
457,a8387c01a09e99ce014107505b92388c,4ef15afb4b2723d8f3d81e51ec7afefe,car_accessories,online_medium,reseller,,0.0
458,de63de0d10a6012430098db33c679b0b,d3d1e91a157ea7f90548eef82f1955e3,household_utilities,online_medium,reseller,,0.0
459,068066e24f0c643eb1d089c7dd20cd73,060c0a26f19f4d66b42e0d8796688490,health_beauty,online_small,reseller,,0.0
460,4b339f9567d060bcea4f5136b9f5949e,495d4e95a8cf8bbf8b432b612a2aa328,small_appliances,online_medium,reseller,,0.0
461,9e4d1098a3b0f5da39b0bc48f9876645,85fc447d336637ba1df43e793199fbc8,construction_tools_house_garden,online_big,manufacturer,,0.0
462,9d12ef1a7eca3ec58c545c678af7869c,4ef15afb4b2723d8f3d81e51ec7afefe,car_accessories,offline,reseller,,0.0
463,4b339f9567d060bcea4f5136b9f5949e,d3d1e91a157ea7f90548eef82f1955e3,phone_mobile,online_medium,reseller,,0.0
464,f42a2bd194f7802ab052a815c8de65b7,85fc447d336637ba1df43e793199fbc8,car_accessories,online_small,reseller,40.0,0.0
465,56bf83c4bb35763a51c2baab501b4c67,c638112b43f1d1b86dcabb0da720c901,small_appliances,online_medium,,,0.0
466,068066e24f0c643eb1d089c7dd20cd73,c638112b43f1d1b86dcabb0da720c901,audio_video_electronics,online_beginner,reseller,,0.0
467,068066e24f0c643eb1d089c7dd20cd73,060c0a26f19f4d66b42e0d8796688490,jewerly,online_medium,reseller,,0.0
468,068066e24f0c643eb1d089c7dd20cd73,4ef15afb4b2723d8f3d81e51ec7afefe,phone_mobile,industry,reseller,,0.0
469,de63de0d10a6012430098db33c679b0b,6565aa9ce3178a5caf6171827af3a9ba,food_drink,industry,manufacturer,,0.0
470,068066e24f0c643eb1d089c7dd20cd73,c638112b43f1d1b86dcabb0da720c901,sports_leisure,online_medium,,,0.0
471,56bf83c4bb35763a51c2baab501b4c67,4ef15afb4b2723d8f3d81e51ec7afefe,household_utilities,online_medium,manufacturer,,0.0
472,de63de0d10a6012430098db33c679b0b,4ef15afb4b2723d8f3d81e51ec7afefe,party,offline,manufacturer,,0.0
473,9d12ef1a7eca3ec58c545c678af7869c,a8387c01a09e99ce014107505b92388c,watches,online_medium,reseller,,0.0
474,9e4d1098a3b0f5da39b0bc48f9876645,fbf4aef3f6915dc0c3c97d6812522f6a,pet,offline,reseller,,0.0
475,370c9f455f93a9a96cbe9bea48e70033,fbf4aef3f6915dc0c3c97d6812522f6a,car_accessories,online_big,reseller,,0.0
476,370c9f455f93a9a96cbe9bea48e70033,d3d1e91a157ea7f90548eef82f1955e3,health_beauty,industry,manufacturer,,0.0
477,a8387c01a09e99ce014107505b92388c,9e4d1098a3b0f5da39b0bc48f9876645,home_decor,industry,manufacturer,,0.0
478,a8387c01a09e99ce014107505b92388c,9ae085775a198122c5586fa830ff7f2b,health_beauty,online_medium,reseller,,0.0
479,56bf83c4bb35763a51c2baab501b4c67,9ae085775a198122c5586fa830ff7f2b,fashion_accessories,online_beginner,reseller,,0.0
480,56bf83c4bb35763a51c2baab501b4c67,6565aa9ce3178a5caf6171827af3a9ba,food_supplement,offline,manufacturer,,0.0
481,9e4d1098a3b0f5da39b0bc48f9876645,495d4e95a8cf8bbf8b432b612a2aa328,home_decor,online_medium,manufacturer,,0.0
482,b34f6eba10f46bf9a657a01c108a8284,a8387c01a09e99ce014107505b92388c,car_accessories,offline,reseller,300.0,100000.0
483,4b339f9567d060bcea4f5136b9f5949e,2695de1affa7750089c0455f8ce27021,food_supplement,offline,reseller,,0.0
484,4b339f9567d060bcea4f5136b9f5949e,4ef15afb4b2723d8f3d81e51ec7afefe,car_accessories,online_big,manufacturer,,0.0
485,de63de0d10a6012430098db33c679b0b,4ef15afb4b2723d8f3d81e51ec7afefe,music_instruments,online_medium,reseller,,0.0
486,56bf83c4bb35763a51c2baab501b4c67,c638112b43f1d1b86dcabb0da720c901,household_utilities,online_medium,manufacturer,,0.0
487,b90f87164b5f8c2cfa5c8572834dbe3f,a8387c01a09e99ce014107505b92388c,toys,offline,reseller,,0.0
488,a8387c01a09e99ce014107505b92388c,9e4d1098a3b0f5da39b0bc48f9876645,construction_tools_house_garden,online_medium,reseller,,0.0
489,de63de0d10a6012430098db33c679b0b,4ef15afb4b2723d8f3d81e51ec7afefe,health_beauty,online_small,reseller,,0.0
490,fdb16d3cbbeb5798f2f66c4096be026d,4ef15afb4b2723d8f3d81e51ec7afefe,home_decor,online_small,reseller,,0.0
491,de63de0d10a6012430098db33c679b0b,d3d1e91a157ea7f90548eef82f1955e3,bags_backpacks,online_small,reseller,,0.0
492,4b339f9567d060bcea4f5136b9f5949e,c638112b43f1d1b86dcabb0da720c901,phone_mobile,offline,reseller,,0.0
493,9e4d1098a3b0f5da39b0bc48f9876645,fbf4aef3f6915dc0c3c97d6812522f6a,food_drink,online_medium,reseller,,0.0
494,56bf83c4bb35763a51c2baab501b4c67,060c0a26f19f4d66b42e0d8796688490,pet,online_medium,reseller,,0.0
495,f42a2bd194f7802ab052a815c8de65b7,56bf83c4bb35763a51c2baab501b4c67,health_beauty,online_big,manufacturer,,0.0
496,068066e24f0c643eb1d089c7dd20cd73,6565aa9ce3178a5caf6171827af3a9ba,pet,online_medium,reseller,,0.0
497,34d40cdaf94010a1d05b0d6212f9e909,6565aa9ce3178a5caf6171827af3a9ba,bags_backpacks,online_medium,reseller,,0.0
498,34d40cdaf94010a1d05b0d6212f9e909,56bf83c4bb35763a51c2baab501b4c67,baby,online_beginner,manufacturer,,0.0
499,de63de0d10a6012430098db33c679b0b,4ef15afb4b2723d8f3d81e51ec7afefe,computers,online_big,reseller,,0.0
500,4b339f9567d060bcea4f5136b9f5949e,495d4e95a8cf8bbf8b432b612a2aa328,pet,online_medium,reseller,,0.0
501,f42a2bd194f7802ab052a815c8de65b7,85fc447d336637ba1df43e793199fbc8,books,online_beginner,manufacturer,,0.0
502,56bf83c4bb35763a51c2baab501b4c67,4ef15afb4b2723d8f3d81e51ec7afefe,home_decor,offline,reseller,,0.0
503,370c9f455f93a9a96cbe9bea48e70033,85fc447d336637ba1df43e793199fbc8,bags_backpacks,industry,manufacturer,,0.0
504,33dd30594303eb0ebe12a556d612c437,d3d1e91a157ea7f90548eef82f1955e3,computers,online_medium,reseller,30.0,5000.0
505,9d12ef1a7eca3ec58c545c678af7869c,4ef15afb4b2723d8f3d81e51ec7afefe,health_beauty,online_big,reseller,,0.0
506,4b339f9567d060bcea4f5136b9f5949e,85fc447d336637ba1df43e793199fbc8,home_decor,industry,manufacturer,,0.0
507,a8387c01a09e99ce014107505b92388c,4ef15afb4b2723d8f3d81e51ec7afefe,construction_tools_house_garden,online_small,reseller,,0.0
508,fdb16d3cbbeb5798f2f66c4096be026d,fbf4aef3f6915dc0c3c97d6812522f6a,household_utilities,online_small,reseller,,0.0
509,4b339f9567d060bcea4f5136b9f5949e,6565aa9ce3178a5caf6171827af3a9ba,home_decor,online_medium,reseller,,0.0
510,068066e24f0c643eb1d089c7dd20cd73,fbf4aef3f6915dc0c3c97d6812522f6a,home_decor,online_top,manufacturer,,0.0
511,33dd30594303eb0ebe12a556d612c437,4b339f9567d060bcea4f5136b9f5949e,bed_bath_table,online_medium,reseller,85.0,0.0
512,370c9f455f93a9a96cbe9bea48e70033,a8387c01a09e99ce014107505b92388c,home_decor,online_medium,manufacturer,,0.0
513,0a0fb2b07d841f84fb6714e35c723075,4ef15afb4b2723d8f3d81e51ec7afefe,computers,online_medium,reseller,,0.0
514,9d12ef1a7eca3ec58c545c678af7869c,068066e24f0c643eb1d089c7dd20cd73,health_beauty,online_medium,reseller,,0.0
515,068066e24f0c643eb1d089c7dd20cd73,85fc447d336637ba1df43e793199fbc8,audio_video_electronics,online_medium,reseller,,0.0
516,068066e24f0c643eb1d089c7dd20cd73,d3d1e91a157ea7f90548eef82f1955e3,bed_bath_table,online_medium,manufacturer,,0.0
517,a8387c01a09e99ce014107505b92388c,2695de1affa7750089c0455f8ce27021,stationery,offline,reseller,,0.0
518,0a0fb2b07d841f84fb6714e35c723075,34d40cdaf94010a1d05b0d6212f9e909,computers,online_medium,reseller,,0.0
519,a8387c01a09e99ce014107505b92388c,4ef15afb4b2723d8f3d81e51ec7afefe,handcrafted,offline,manufacturer,,0.0
520,068066e24f0c643eb1d089c7dd20cd73,d3d1e91a157ea7f90548eef82f1955e3,watches,online_medium,reseller,,0.0
521,0a0fb2b07d841f84fb6714e35c723075,068066e24f0c643eb1d089c7dd20cd73,health_beauty,online_medium,manufacturer,,0.0
522,a8387c01a09e99ce014107505b92388c,85fc447d336637ba1df43e793199fbc8,gifts,online_medium,reseller,,0.0
523,068066e24f0c643eb1d089c7dd20cd73,495d4e95a8cf8bbf8b432b612a2aa328,health_beauty,online_medium,reseller,,0.0
524,370c9f455f93a9a96cbe9bea48e70033,85fc447d336637ba1df43e793199fbc8,audio_video_electronics,online_medium,reseller,,0.0
525,4b339f9567d060bcea4f5136b9f5949e,6565aa9ce3178a5caf6171827af3a9ba,household_utilities,online_medium,manufacturer,,0.0
526,4b339f9567d060bcea4f5136b9f5949e,060c0a26f19f4d66b42e0d8796688490,phone_mobile,online_big,reseller,,0.0
527,56bf83c4bb35763a51c2baab501b4c67,4ef15afb4b2723d8f3d81e51ec7afefe,air_conditioning,online_big,reseller,,0.0
528,f42a2bd194f7802ab052a815c8de65b7,de63de0d10a6012430098db33c679b0b,phone_mobile,offline,,,0.0
529,45749fb708130f78d0db07d8d80f030b,4b339f9567d060bcea4f5136b9f5949e,car_accessories,online_medium,reseller,75.0,25000.0
530,de63de0d10a6012430098db33c679b0b,d3d1e91a157ea7f90548eef82f1955e3,health_beauty,online_beginner,reseller,,0.0
531,9e4d1098a3b0f5da39b0bc48f9876645,060c0a26f19f4d66b42e0d8796688490,audio_video_electronics,online_medium,manufacturer,,0.0
532,a8387c01a09e99ce014107505b92388c,495d4e95a8cf8bbf8b432b612a2aa328,stationery,offline,reseller,,0.0
533,0a0fb2b07d841f84fb6714e35c723075,068066e24f0c643eb1d089c7dd20cd73,home_decor,online_medium,reseller,70.0,30000.0
534,de63de0d10a6012430098db33c679b0b,9ae085775a198122c5586fa830ff7f2b,bags_backpacks,online_beginner,manufacturer,,0.0
535,9e4d1098a3b0f5da39b0bc48f9876645,85fc447d336637ba1df43e793199fbc8,home_decor,online_medium,manufacturer,,0.0
536,4b339f9567d060bcea4f5136b9f5949e,d3d1e91a157ea7f90548eef82f1955e3,food_drink,online_small,reseller,,0.0
537,9d12ef1a7eca3ec58c545c678af7869c,de63de0d10a6012430098db33c679b0b,car_accessories,offline,reseller,,0.0
538,e7dff61b78bebffa71678e126ce669ad,de63de0d10a6012430098db33c679b0b,toys,online_medium,reseller,100.0,4000.0
539,068066e24f0c643eb1d089c7dd20cd73,9ae085775a198122c5586fa830ff7f2b,car_accessories,online_medium,reseller,,0.0
540,370c9f455f93a9a96cbe9bea48e70033,068066e24f0c643eb1d089c7dd20cd73,books,online_medium,reseller,30.0,0.0
541,9d12ef1a7eca3ec58c545c678af7869c,4ef15afb4b2723d8f3d81e51ec7afefe,health_beauty,offline,reseller,,0.0
542,33dd30594303eb0ebe12a556d612c437,068066e24f0c643eb1d089c7dd20cd73,construction_tools_house_garden,offline,reseller,10.0,0.0
543,068066e24f0c643eb1d089c7dd20cd73,d3d1e91a157ea7f90548eef82f1955e3,audio_video_electronics,online_small,reseller,,0.0
544,4b339f9567d060bcea4f5136b9f5949e,060c0a26f19f4d66b42e0d8796688490,household_utilities,online_small,reseller,,0.0
545,4b339f9567d060bcea4f5136b9f5949e,fbf4aef3f6915dc0c3c97d6812522f6a,computers,online_medium,reseller,,0.0
546,370c9f455f93a9a96cbe9bea48e70033,6565aa9ce3178a5caf6171827af3a9ba,bags_backpacks,offline,reseller,,0.0
547,9d12ef1a7eca3ec58c545c678af7869c,495d4e95a8cf8bbf8b432b612a2aa328,health_beauty,online_small,reseller,,0.0
548,34d40cdaf94010a1d05b0d6212f9e909,9ae085775a198122c5586fa830ff7f2b,fashion_accessories,online_small,manufacturer,,0.0
549,fdb16d3cbbeb5798f2f66c4096be026d,060c0a26f19f4d66b42e0d8796688490,food_drink,industry,manufacturer,,0.0
550,fdb16d3cbbeb5798f2f66c4096be026d,9ae085775a198122c5586fa830ff7f2b,home_decor,industry,reseller,,0.0
551,56bf83c4bb35763a51c2baab501b4c67,c638112b43f1d1b86dcabb0da720c901,computers,online_medium,reseller,,0.0
552,9d12ef1a7eca3ec58c545c678af7869c,fbf4aef3f6915dc0c3c97d6812522f6a,home_appliances,online_medium,reseller,,0.0
553,f42a2bd194f7802ab052a815c8de65b7,de63de0d10a6012430098db33c679b0b,car_accessories,offline,reseller,600.0,0.0
554,4b339f9567d060bcea4f5136b9f5949e,9e4d1098a3b0f5da39b0bc48f9876645,home_decor,online_small,manufacturer,,0.0
555,4b339f9567d060bcea4f5136b9f5949e,fbf4aef3f6915dc0c3c97d6812522f6a,sports_leisure,online_medium,reseller,,0.0
556,068066e24f0c643eb1d089c7dd20cd73,495d4e95a8cf8bbf8b432b612a2aa328,baby,online_medium,reseller,,0.0
557,4b339f9567d060bcea4f5136b9f5949e,4ef15afb4b2723d8f3d81e51ec7afefe,bags_backpacks,online_medium,manufacturer,,0.0
558,09285259593c61296eef10c734121d5b,2695de1affa7750089c0455f8ce27021,home_decor,online_medium,manufacturer,,0.0
559,370c9f455f93a9a96cbe9bea48e70033,56bf83c4bb35763a51c2baab501b4c67,car_accessories,online_medium,reseller,,0.0
560,370c9f455f93a9a96cbe9bea48e70033,068066e24f0c643eb1d089c7dd20cd73,health_beauty,online_medium,reseller,50.0,10000.0
561,de63de0d10a6012430098db33c679b0b,6565aa9ce3178a5caf6171827af3a9ba,toys,offline,reseller,,0.0
562,56bf83c4bb35763a51c2baab501b4c67,9ae085775a198122c5586fa830ff7f2b,toys,online_medium,reseller,,0.0
563,4b339f9567d060bcea4f5136b9f5949e,2695de1affa7750089c0455f8ce27021,audio_video_electronics,online_beginner,reseller,,0.0
564,370c9f455f93a9a96cbe9bea48e70033,4ef15afb4b2723d8f3d81e51ec7afefe,audio_video_electronics,online_medium,reseller,,0.0
565,56bf83c4bb35763a51c2baab501b4c67,4ef15afb4b2723d8f3d81e51ec7afefe,bags_backpacks,online_medium,manufacturer,,0.0
566,9e4d1098a3b0f5da39b0bc48f9876645,9ae085775a198122c5586fa830ff7f2b,home_decor,offline,manufacturer,,0.0
567,b90f87164b5f8c2cfa5c8572834dbe3f,d3d1e91a157ea7f90548eef82f1955e3,car_accessories,online_medium,manufacturer,,0.0
568,4b339f9567d060bcea4f5136b9f5949e,c638112b43f1d1b86dcabb0da720c901,bags_backpacks,online_medium,reseller,,0.0
569,09285259593c61296eef10c734121d5b,068066e24f0c643eb1d089c7dd20cd73,health_beauty,online_big,reseller,,0.0
570,09285259593c61296eef10c734121d5b,d3d1e91a157ea7f90548eef82f1955e3,household_utilities,online_big,reseller,,0.0
571,09285259593c61296eef10c734121d5b,85fc447d336637ba1df43e793199fbc8,food_drink,industry,manufacturer,,0.0
572,323cff2ceea1814239bc2c7e614d260d,4b339f9567d060bcea4f5136b9f5949e,audio_video_electronics,online_medium,reseller,,0.0
573,56bf83c4bb35763a51c2baab501b4c67,495d4e95a8cf8bbf8b432b612a2aa328,health_beauty,online_small,manufacturer,,0.0
574,9e4d1098a3b0f5da39b0bc48f9876645,4ef15afb4b2723d8f3d81e51ec7afefe,health_beauty,online_medium,reseller,,0.0
575,f6c6ab65a1c732f154b371401448be6d,fbf4aef3f6915dc0c3c97d6812522f6a,home_decor,online_medium,manufacturer,,0.0
576,4b339f9567d060bcea4f5136b9f5949e,4ef15afb4b2723d8f3d81e51ec7afefe,baby,online_medium,reseller,,0.0
577,9d12ef1a7eca3ec58c545c678af7869c,85fc447d336637ba1df43e793199fbc8,household_utilities,industry,manufacturer,,0.0
578,9e4d1098a3b0f5da39b0bc48f9876645,6565aa9ce3178a5caf6171827af3a9ba,construction_tools_house_garden,online_medium,reseller,,0.0
579,9d12ef1a7eca3ec58c545c678af7869c,de63de0d10a6012430098db33c679b0b,handcrafted,online_medium,reseller,,0.0
580,9e4d1098a3b0f5da39b0bc48f9876645,060c0a26f19f4d66b42e0d8796688490,health_beauty,online_medium,reseller,,0.0
581,9e4d1098a3b0f5da39b0bc48f9876645,495d4e95a8cf8bbf8b432b612a2aa328,home_office_furniture,industry,manufacturer,,0.0
582,4b339f9567d060bcea4f5136b9f5949e,85fc447d336637ba1df43e793199fbc8,home_decor,online_big,manufacturer,,0.0
583,f42a2bd194f7802ab052a815c8de65b7,6565aa9ce3178a5caf6171827af3a9ba,sports_leisure,offline,manufacturer,,0.0
584,9d12ef1a7eca3ec58c545c678af7869c,fbf4aef3f6915dc0c3c97d6812522f6a,audio_video_electronics,online_medium,reseller,,0.0
585,a8387c01a09e99ce014107505b92388c,a8387c01a09e99ce014107505b92388c,construction_tools_house_garden,industry,manufacturer,,0.0
586,370c9f455f93a9a96cbe9bea48e70033,a8387c01a09e99ce014107505b92388c,construction_tools_house_garden,online_medium,reseller,,0.0
587,b34f6eba10f46bf9a657a01c108a8284,85fc447d336637ba1df43e793199fbc8,construction_tools_house_garden,online_big,reseller,300.0,0.0
588,09285259593c61296eef10c734121d5b,fbf4aef3f6915dc0c3c97d6812522f6a,religious,online_small,manufacturer,,0.0
589,f42a2bd194f7802ab052a815c8de65b7,495d4e95a8cf8bbf8b432b612a2aa328,pet,industry,reseller,50.0,300000.0
590,09285259593c61296eef10c734121d5b,2695de1affa7750089c0455f8ce27021,health_beauty,offline,reseller,,0.0
591,4b339f9567d060bcea4f5136b9f5949e,6565aa9ce3178a5caf6171827af3a9ba,computers,online_medium,reseller,,0.0
592,370c9f455f93a9a96cbe9bea48e70033,de63de0d10a6012430098db33c679b0b,car_accessories,industry,manufacturer,,0.0
593,de63de0d10a6012430098db33c679b0b,4ef15afb4b2723d8f3d81e51ec7afefe,stationery,industry,manufacturer,,0.0
594,56bf83c4bb35763a51c2baab501b4c67,c638112b43f1d1b86dcabb0da720c901,small_appliances,,reseller,,0.0
595,4b339f9567d060bcea4f5136b9f5949e,d3d1e91a157ea7f90548eef82f1955e3,car_accessories,industry,manufacturer,,0.0
596,4b339f9567d060bcea4f5136b9f5949e,060c0a26f19f4d66b42e0d8796688490,health_beauty,offline,reseller,,0.0
597,de63de0d10a6012430098db33c679b0b,d3d1e91a157ea7f90548eef82f1955e3,home_decor,online_medium,reseller,,0.0
598,a8387c01a09e99ce014107505b92388c,85fc447d336637ba1df43e793199fbc8,home_office_furniture,industry,manufacturer,,0.0
599,370c9f455f93a9a96cbe9bea48e70033,85fc447d336637ba1df43e793199fbc8,audio_video_electronics,online_big,reseller,,0.0
600,56bf83c4bb35763a51c2baab501b4c67,c638112b43f1d1b86dcabb0da720c901,car_accessories,online_medium,reseller,,0.0
601,b90f87164b5f8c2cfa5c8572834dbe3f,495d4e95a8cf8bbf8b432b612a2aa328,games_consoles,online_medium,reseller,,0.0
602,fdb16d3cbbeb5798f2f66c4096be026d,4ef15afb4b2723d8f3d81e51ec7afefe,home_office_furniture,industry,manufacturer,,0.0
603,370c9f455f93a9a96cbe9bea48e70033,85fc447d336637ba1df43e793199fbc8,household_utilities,online_medium,reseller,,0.0
604,4b339f9567d060bcea4f5136b9f5949e,85fc447d336637ba1df43e793199fbc8,home_decor,offline,reseller,,0.0
605,6aa3b86a83d784b05f0e37e26b20860d,56bf83c4bb35763a51c2baab501b4c67,home_decor,online_small,manufacturer,400.0,300000.0
606,de63de0d10a6012430098db33c679b0b,4ef15afb4b2723d8f3d81e51ec7afefe,health_beauty,industry,reseller,,0.0
607,9d12ef1a7eca3ec58c545c678af7869c,068066e24f0c643eb1d089c7dd20cd73,computers,offline,reseller,,0.0
608,de63de0d10a6012430098db33c679b0b,6565aa9ce3178a5caf6171827af3a9ba,household_utilities,online_big,reseller,,0.0
609,e7dff61b78bebffa71678e126ce669ad,2695de1affa7750089c0455f8ce27021,handcrafted,online_small,manufacturer,,0.0
610,de63de0d10a6012430098db33c679b0b,4ef15afb4b2723d8f3d81e51ec7afefe,toys,online_small,reseller,,0.0
611,4b339f9567d060bcea4f5136b9f5949e,060c0a26f19f4d66b42e0d8796688490,household_utilities,online_medium,reseller,,0.0
612,09285259593c61296eef10c734121d5b,9ae085775a198122c5586fa830ff7f2b,health_beauty,online_beginner,reseller,,0.0
613,370c9f455f93a9a96cbe9bea48e70033,4ef15afb4b2723d8f3d81e51ec7afefe,phone_mobile,offline,reseller,,0.0
614,068066e24f0c643eb1d089c7dd20cd73,56bf83c4bb35763a51c2baab501b4c67,bags_backpacks,online_medium,reseller,,0.0
615,de63de0d10a6012430098db33c679b0b,c638112b43f1d1b86dcabb0da720c901,home_decor,online_medium,reseller,,0.0
616,4b339f9567d060bcea4f5136b9f5949e,d3d1e91a157ea7f90548eef82f1955e3,games_consoles,online_big,reseller,,0.0
617,4b339f9567d060bcea4f5136b9f5949e,c638112b43f1d1b86dcabb0da720c901,home_decor,industry,manufacturer,,0.0
618,f42a2bd194f7802ab052a815c8de65b7,d3d1e91a157ea7f90548eef82f1955e3,construction_tools_house_garden,online_medium,reseller,,0.0
619,56bf83c4bb35763a51c2baab501b4c67,c638112b43f1d1b86dcabb0da720c901,health_beauty,offline,manufacturer,,0.0
620,4b339f9567d060bcea4f5136b9f5949e,6565aa9ce3178a5caf6171827af3a9ba,household_utilities,online_medium,reseller,,0.0
621,56bf83c4bb35763a51c2baab501b4c67,d3d1e91a157ea7f90548eef82f1955e3,home_office_furniture,online_big,manufacturer,,0.0
622,9e4d1098a3b0f5da39b0bc48f9876645,85fc447d336637ba1df43e793199fbc8,handcrafted,offline,manufacturer,,0.0
623,4b339f9567d060bcea4f5136b9f5949e,4ef15afb4b2723d8f3d81e51ec7afefe,small_appliances,industry,manufacturer,,0.0
624,9d12ef1a7eca3ec58c545c678af7869c,fbf4aef3f6915dc0c3c97d6812522f6a,health_beauty,industry,manufacturer,,0.0
625,e7dff61b78bebffa71678e126ce669ad,068066e24f0c643eb1d089c7dd20cd73,computers,online_big,reseller,47.0,60000.0
626,a8387c01a09e99ce014107505b92388c,9e4d1098a3b0f5da39b0bc48f9876645,car_accessories,online_medium,manufacturer,,0.0
627,56bf83c4bb35763a51c2baab501b4c67,4ef15afb4b2723d8f3d81e51ec7afefe,baby,offline,reseller,,0.0
628,f42a2bd194f7802ab052a815c8de65b7,de63de0d10a6012430098db33c679b0b,watches,online_beginner,reseller,12.0,1000.0
629,5b7ce8c2b0fe4c2f52a0763046914ef4,9d12ef1a7eca3ec58c545c678af7869c,home_decor,offline,reseller,120.0,60000.0
630,9d12ef1a7eca3ec58c545c678af7869c,4ef15afb4b2723d8f3d81e51ec7afefe,car_accessories,online_medium,reseller,,0.0
631,de63de0d10a6012430098db33c679b0b,060c0a26f19f4d66b42e0d8796688490,bed_bath_table,online_beginner,reseller,,0.0
632,a8387c01a09e99ce014107505b92388c,56bf83c4bb35763a51c2baab501b4c67,phone_mobile,online_medium,reseller,,0.0
633,34d40cdaf94010a1d05b0d6212f9e909,4ef15afb4b2723d8f3d81e51ec7afefe,pet,industry,manufacturer,,0.0
634,9e4d1098a3b0f5da39b0bc48f9876645,fbf4aef3f6915dc0c3c97d6812522f6a,health_beauty,offline,manufacturer,,0.0
635,a8387c01a09e99ce014107505b92388c,6565aa9ce3178a5caf6171827af3a9ba,home_decor,online_beginner,manufacturer,,0.0
636,a8387c01a09e99ce014107505b92388c,c638112b43f1d1b86dcabb0da720c901,health_beauty,online_beginner,manufacturer,,0.0
637,4b339f9567d060bcea4f5136b9f5949e,4ef15afb4b2723d8f3d81e51ec7afefe,bed_bath_table,online_big,manufacturer,,0.0
638,0a0fb2b07d841f84fb6714e35c723075,9ae085775a198122c5586fa830ff7f2b,jewerly,offline,reseller,,0.0
639,4b339f9567d060bcea4f5136b9f5949e,4ef15afb4b2723d8f3d81e51ec7afefe,construction_tools_house_garden,online_big,reseller,,0.0
640,4b339f9567d060bcea4f5136b9f5949e,c638112b43f1d1b86dcabb0da720c901,party,offline,manufacturer,,0.0
641,a8387c01a09e99ce014107505b92388c,d3d1e91a157ea7f90548eef82f1955e3,health_beauty,offline,reseller,,0.0
642,45749fb708130f78d0db07d8d80f030b,34d40cdaf94010a1d05b0d6212f9e909,food_drink,offline,reseller,50.0,10000.0
643,4b339f9567d060bcea4f5136b9f5949e,de63de0d10a6012430098db33c679b0b,construction_tools_house_garden,online_medium,reseller,,0.0
644,09285259593c61296eef10c734121d5b,495d4e95a8cf8bbf8b432b612a2aa328,car_accessories,online_big,reseller,,0.0
645,9e4d1098a3b0f5da39b0bc48f9876645,fbf4aef3f6915dc0c3c97d6812522f6a,construction_tools_house_garden,offline,reseller,,0.0
646,b90f87164b5f8c2cfa5c8572834dbe3f,34d40cdaf94010a1d05b0d6212f9e909,household_utilities,industry,manufacturer,20.0,5000.0
647,a8387c01a09e99ce014107505b92388c,6565aa9ce3178a5caf6171827af3a9ba,home_decor,online_big,reseller,,0.0
648,9749123c950bf8363ace42cb1c2d0815,a8387c01a09e99ce014107505b92388c,computers,online_beginner,reseller,,0.0
649,4b339f9567d060bcea4f5136b9f5949e,2695de1affa7750089c0455f8ce27021,audio_video_electronics,online_medium,reseller,,0.0
650,9e4d1098a3b0f5da39b0bc48f9876645,2695de1affa7750089c0455f8ce27021,handcrafted,online_small,manufacturer,,0.0
651,370c9f455f93a9a96cbe9bea48e70033,85fc447d336637ba1df43e793199fbc8,health_beauty,online_medium,reseller,,0.0
652,370c9f455f93a9a96cbe9bea48e70033,34d40cdaf94010a1d05b0d6212f9e909,home_decor,online_big,reseller,,0.0
653,9e4d1098a3b0f5da39b0bc48f9876645,495d4e95a8cf8bbf8b432b612a2aa328,home_decor,online_medium,manufacturer,,0.0
654,0a0fb2b07d841f84fb6714e35c723075,85fc447d336637ba1df43e793199fbc8,health_beauty,online_small,manufacturer,,0.0
655,f6c6ab65a1c732f154b371401448be6d,060c0a26f19f4d66b42e0d8796688490,food_supplement,industry,manufacturer,,0.0
656,323cff2ceea1814239bc2c7e614d260d,9ae085775a198122c5586fa830ff7f2b,pet,online_beginner,reseller,,0.0
657,4b339f9567d060bcea4f5136b9f5949e,9ae085775a198122c5586fa830ff7f2b,construction_tools_house_garden,online_medium,reseller,,0.0
658,4b339f9567d060bcea4f5136b9f5949e,85fc447d336637ba1df43e793199fbc8,construction_tools_house_garden,online_medium,manufacturer,,0.0
659,9d12ef1a7eca3ec58c545c678af7869c,fbf4aef3f6915dc0c3c97d6812522f6a,household_utilities,industry,manufacturer,,0.0
660,370c9f455f93a9a96cbe9bea48e70033,b90f87164b5f8c2cfa5c8572834dbe3f,food_supplement,online_medium,reseller,1000.0,0.0
661,09285259593c61296eef10c734121d5b,2695de1affa7750089c0455f8ce27021,music_instruments,online_small,reseller,,0.0
662,9d12ef1a7eca3ec58c545c678af7869c,fbf4aef3f6915dc0c3c97d6812522f6a,stationery,online_medium,manufacturer,,0.0
663,a8387c01a09e99ce014107505b92388c,4ef15afb4b2723d8f3d81e51ec7afefe,car_accessories,industry,manufacturer,,0.0
664,068066e24f0c643eb1d089c7dd20cd73,495d4e95a8cf8bbf8b432b612a2aa328,health_beauty,online_medium,manufacturer,,0.0
665,4b339f9567d060bcea4f5136b9f5949e,495d4e95a8cf8bbf8b432b612a2aa328,household_utilities,online_big,reseller,,0.0
666,9d12ef1a7eca3ec58c545c678af7869c,de63de0d10a6012430098db33c679b0b,car_accessories,online_medium,manufacturer,,0.0
667,a8387c01a09e99ce014107505b92388c,495d4e95a8cf8bbf8b432b612a2aa328,health_beauty,online_big,reseller,,0.0
668,068066e24f0c643eb1d089c7dd20cd73,fbf4aef3f6915dc0c3c97d6812522f6a,computers,online_medium,reseller,,0.0
669,f42a2bd194f7802ab052a815c8de65b7,9d12ef1a7eca3ec58c545c678af7869c,car_accessories,online_medium,reseller,700.0,50000.0
670,9e4d1098a3b0f5da39b0bc48f9876645,495d4e95a8cf8bbf8b432b612a2aa328,health_beauty,offline,reseller,,0.0
671,9e4d1098a3b0f5da39b0bc48f9876645,c638112b43f1d1b86dcabb0da720c901,audio_video_electronics,online_medium,reseller,,0.0
672,56bf83c4bb35763a51c2baab501b4c67,4ef15afb4b2723d8f3d81e51ec7afefe,toys,online_medium,reseller,,0.0
673,068066e24f0c643eb1d089c7dd20cd73,495d4e95a8cf8bbf8b432b612a2aa328,bags_backpacks,online_medium,reseller,,0.0
674,0a0fb2b07d841f84fb6714e35c723075,2695de1affa7750089c0455f8ce27021,audio_video_electronics,online_medium,manufacturer,100.0,0.0
675,fdb16d3cbbeb5798f2f66c4096be026d,9ae085775a198122c5586fa830ff7f2b,bed_bath_table,industry,manufacturer,,0.0
676,f42a2bd194f7802ab052a815c8de65b7,6565aa9ce3178a5caf6171827af3a9ba,home_decor,online_medium,reseller,,0.0
677,370c9f455f93a9a96cbe9bea48e70033,6565aa9ce3178a5caf6171827af3a9ba,audio_video_electronics,online_medium,reseller,,0.0
678,34d40cdaf94010a1d05b0d6212f9e909,068066e24f0c643eb1d089c7dd20cd73,health_beauty,offline,reseller,,0.0
679,fdb16d3cbbeb5798f2f66c4096be026d,2695de1affa7750089c0455f8ce27021,health_beauty,online_big,reseller,,0.0
680,4b339f9567d060bcea4f5136b9f5949e,9e4d1098a3b0f5da39b0bc48f9876645,health_beauty,online_medium,reseller,,0.0
681,19f3cd308f1455b3fa09a282e0d496f4,a8387c01a09e99ce014107505b92388c,other,other,other,100.0,500000.0
682,de63de0d10a6012430098db33c679b0b,d3d1e91a157ea7f90548eef82f1955e3,car_accessories,offline,reseller,,0.0
683,4b339f9567d060bcea4f5136b9f5949e,4ef15afb4b2723d8f3d81e51ec7afefe,household_utilities,online_medium,reseller,,0.0
684,4b339f9567d060bcea4f5136b9f5949e,4ef15afb4b2723d8f3d81e51ec7afefe,watches,offline,reseller,,0.0
685,068066e24f0c643eb1d089c7dd20cd73,6565aa9ce3178a5caf6171827af3a9ba,health_beauty,online_medium,reseller,,0.0
686,f42a2bd194f7802ab052a815c8de65b7,85fc447d336637ba1df43e793199fbc8,stationery,online_medium,reseller,,0.0
687,370c9f455f93a9a96cbe9bea48e70033,2695de1affa7750089c0455f8ce27021,food_supplement,industry,manufacturer,,0.0
688,370c9f455f93a9a96cbe9bea48e70033,4ef15afb4b2723d8f3d81e51ec7afefe,baby,online_big,reseller,,0.0
689,068066e24f0c643eb1d089c7dd20cd73,56bf83c4bb35763a51c2baab501b4c67,home_decor,online_medium,manufacturer,,0.0
690,9e4d1098a3b0f5da39b0bc48f9876645,4ef15afb4b2723d8f3d81e51ec7afefe,stationery,online_medium,reseller,,0.0
691,f42a2bd194f7802ab052a815c8de65b7,060c0a26f19f4d66b42e0d8796688490,health_beauty,online_medium,reseller,,0.0
692,fdb16d3cbbeb5798f2f66c4096be026d,9ae085775a198122c5586fa830ff7f2b,stationery,online_big,reseller,,0.0
693,4b339f9567d060bcea4f5136b9f5949e,9e4d1098a3b0f5da39b0bc48f9876645,health_beauty,online_medium,reseller,,0.0
694,09285259593c61296eef10c734121d5b,fbf4aef3f6915dc0c3c97d6812522f6a,health_beauty,online_medium,reseller,,0.0
695,b90f87164b5f8c2cfa5c8572834dbe3f,6565aa9ce3178a5caf6171827af3a9ba,health_beauty,online_beginner,manufacturer,,0.0
696,de63de0d10a6012430098db33c679b0b,d3d1e91a157ea7f90548eef82f1955e3,computers,online_beginner,reseller,,0.0
697,4b339f9567d060bcea4f5136b9f5949e,fbf4aef3f6915dc0c3c97d6812522f6a,home_decor,online_beginner,manufacturer,,0.0
698,de63de0d10a6012430098db33c679b0b,d3d1e91a157ea7f90548eef82f1955e3,health_beauty,online_big,reseller,,0.0
699,2b63542749aa9caf15f21816da1db341,d3d1e91a157ea7f90548eef82f1955e3,construction_tools_house_garden,online_small,reseller,400.0,130000.0
700,de63de0d10a6012430098db33c679b0b,495d4e95a8cf8bbf8b432b612a2aa328,household_utilities,industry,manufacturer,,0.0
701,34d40cdaf94010a1d05b0d6212f9e909,4ef15afb4b2723d8f3d81e51ec7afefe,home_decor,offline,reseller,,0.0
702,56bf83c4bb35763a51c2baab501b4c67,c638112b43f1d1b86dcabb0da720c901,food_supplement,online_medium,reseller,,0.0
703,09285259593c61296eef10c734121d5b,85fc447d336637ba1df43e793199fbc8,fashion_accessories,online_medium,manufacturer,,0.0
704,0a0fb2b07d841f84fb6714e35c723075,fbf4aef3f6915dc0c3c97d6812522f6a,gifts,online_medium,reseller,,0.0
705,370c9f455f93a9a96cbe9bea48e70033,de63de0d10a6012430098db33c679b0b,home_appliances,online_medium,reseller,,0.0
706,370c9f455f93a9a96cbe9bea48e70033,4ef15afb4b2723d8f3d81e51ec7afefe,fashion_accessories,online_beginner,manufacturer,,0.0
707,a8387c01a09e99ce014107505b92388c,85fc447d336637ba1df43e793199fbc8,home_decor,online_medium,reseller,,0.0
708,0a0fb2b07d841f84fb6714e35c723075,9e4d1098a3b0f5da39b0bc48f9876645,stationery,industry,manufacturer,,0.0
709,a8387c01a09e99ce014107505b92388c,85fc447d336637ba1df43e793199fbc8,car_accessories,online_big,reseller,,0.0
710,fdb16d3cbbeb5798f2f66c4096be026d,495d4e95a8cf8bbf8b432b612a2aa328,car_accessories,online_beginner,reseller,,0.0
711,9d12ef1a7eca3ec58c545c678af7869c,9e4d1098a3b0f5da39b0bc48f9876645,household_utilities,industry,manufacturer,,0.0
712,34d40cdaf94010a1d05b0d6212f9e909,495d4e95a8cf8bbf8b432b612a2aa328,audio_video_electronics,offline,reseller,,0.0
713,56bf83c4bb35763a51c2baab501b4c67,9ae085775a198122c5586fa830ff7f2b,health_beauty,industry,manufacturer,,0.0
714,4b339f9567d060bcea4f5136b9f5949e,060c0a26f19f4d66b42e0d8796688490,car_accessories,online_medium,reseller,,0.0
715,f42a2bd194f7802ab052a815c8de65b7,4ef15afb4b2723d8f3d81e51ec7afefe,audio_video_electronics,online_medium,reseller,,0.0
716,4b339f9567d060bcea4f5136b9f5949e,d3d1e91a157ea7f90548eef82f1955e3,household_utilities,online_medium,reseller,,0.0
717,a8387c01a09e99ce014107505b92388c,d3d1e91a157ea7f90548eef82f1955e3,sports_leisure,online_medium,reseller,,0.0
718,34d40cdaf94010a1d05b0d6212f9e909,56bf83c4bb35763a51c2baab501b4c67,sports_leisure,offline,manufacturer,,0.0
719,4b339f9567d060bcea4f5136b9f5949e,4ef15afb4b2723d8f3d81e51ec7afefe,construction_tools_house_garden,online_big,manufacturer,,0.0
720,34d40cdaf94010a1d05b0d6212f9e909,9e4d1098a3b0f5da39b0bc48f9876645,toys,online_medium,reseller,,0.0
721,f42a2bd194f7802ab052a815c8de65b7,d3d1e91a157ea7f90548eef82f1955e3,bed_bath_table,online_medium,reseller,,0.0
722,2b63542749aa9caf15f21816da1db341,4ef15afb4b2723d8f3d81e51ec7afefe,home_decor,online_beginner,manufacturer,1200.0,0.0
723,9d12ef1a7eca3ec58c545c678af7869c,85fc447d336637ba1df43e793199fbc8,household_utilities,online_big,reseller,,0.0
724,09285259593c61296eef10c734121d5b,de63de0d10a6012430098db33c679b0b,bed_bath_table,online_medium,reseller,,0.0
725,fdb16d3cbbeb5798f2f66c4096be026d,6565aa9ce3178a5caf6171827af3a9ba,health_beauty,industry,manufacturer,,0.0
726,9d12ef1a7eca3ec58c545c678af7869c,4ef15afb4b2723d8f3d81e51ec7afefe,computers,online_small,reseller,,0.0
727,56bf83c4bb35763a51c2baab501b4c67,495d4e95a8cf8bbf8b432b612a2aa328,car_accessories,industry,reseller,,0.0
728,4b339f9567d060bcea4f5136b9f5949e,85fc447d336637ba1df43e793199fbc8,pet,industry,manufacturer,,0.0
729,9e4d1098a3b0f5da39b0bc48f9876645,4ef15afb4b2723d8f3d81e51ec7afefe,household_utilities,online_medium,reseller,,0.0
730,0a0fb2b07d841f84fb6714e35c723075,85fc447d336637ba1df43e793199fbc8,construction_tools_house_garden,offline,reseller,,0.0
731,09285259593c61296eef10c734121d5b,d3d1e91a157ea7f90548eef82f1955e3,audio_video_electronics,online_medium,reseller,,0.0
732,9e4d1098a3b0f5da39b0bc48f9876645,85fc447d336637ba1df43e793199fbc8,bed_bath_table,offline,reseller,,0.0
733,de63de0d10a6012430098db33c679b0b,4ef15afb4b2723d8f3d81e51ec7afefe,sports_leisure,offline,reseller,,0.0
734,4b339f9567d060bcea4f5136b9f5949e,060c0a26f19f4d66b42e0d8796688490,food_drink,industry,manufacturer,,0.0
735,4b339f9567d060bcea4f5136b9f5949e,de63de0d10a6012430098db33c679b0b,household_utilities,online_medium,manufacturer,,0.0
736,068066e24f0c643eb1d089c7dd20cd73,fbf4aef3f6915dc0c3c97d6812522f6a,construction_tools_house_garden,online_medium,reseller,,0.0
737,0a0fb2b07d841f84fb6714e35c723075,6565aa9ce3178a5caf6171827af3a9ba,household_utilities,online_medium,reseller,,0.0
738,4b339f9567d060bcea4f5136b9f5949e,060c0a26f19f4d66b42e0d8796688490,bags_backpacks,online_beginner,reseller,,0.0
739,a8387c01a09e99ce014107505b92388c,4ef15afb4b2723d8f3d81e51ec7afefe,household_utilities,online_medium,manufacturer,,0.0
740,4b339f9567d060bcea4f5136b9f5949e,d3d1e91a157ea7f90548eef82f1955e3,computers,industry,reseller,,0.0
741,56bf83c4bb35763a51c2baab501b4c67,4ef15afb4b2723d8f3d81e51ec7afefe,health_beauty,offline,manufacturer,,0.0
742,9d12ef1a7eca3ec58c545c678af7869c,fbf4aef3f6915dc0c3c97d6812522f6a,car_accessories,online_medium,reseller,,0.0
743,b90f87164b5f8c2cfa5c8572834dbe3f,4ef15afb4b2723d8f3d81e51ec7afefe,health_beauty,online_big,reseller,,0.0
744,4b339f9567d060bcea4f5136b9f5949e,de63de0d10a6012430098db33c679b0b,home_decor,industry,manufacturer,100.0,0.0
745,323cff2ceea1814239bc2c7e614d260d,068066e24f0c643eb1d089c7dd20cd73,audio_video_electronics,online_medium,reseller,2.0,20000.0
746,370c9f455f93a9a96cbe9bea48e70033,4ef15afb4b2723d8f3d81e51ec7afefe,home_decor,online_big,manufacturer,,0.0
747,09285259593c61296eef10c734121d5b,fbf4aef3f6915dc0c3c97d6812522f6a,pet,online_medium,reseller,,0.0
748,56bf83c4bb35763a51c2baab501b4c67,d3d1e91a157ea7f90548eef82f1955e3,household_utilities,industry,reseller,,0.0
749,068066e24f0c643eb1d089c7dd20cd73,fbf4aef3f6915dc0c3c97d6812522f6a,health_beauty,industry,reseller,,0.0
750,370c9f455f93a9a96cbe9bea48e70033,34d40cdaf94010a1d05b0d6212f9e909,car_accessories,online_medium,reseller,,0.0
751,4b339f9567d060bcea4f5136b9f5949e,fbf4aef3f6915dc0c3c97d6812522f6a,audio_video_electronics,online_big,reseller,,0.0
752,34d40cdaf94010a1d05b0d6212f9e909,4ef15afb4b2723d8f3d81e51ec7afefe,bags_backpacks,offline,manufacturer,,0.0
753,09285259593c61296eef10c734121d5b,d3d1e91a157ea7f90548eef82f1955e3,pet,online_top,manufacturer,,0.0
754,45749fb708130f78d0db07d8d80f030b,9d12ef1a7eca3ec58c545c678af7869c,home_decor,online_medium,manufacturer,,0.0
755,de63de0d10a6012430098db33c679b0b,d3d1e91a157ea7f90548eef82f1955e3,home_decor,online_big,manufacturer,550.0,120000.0
756,068066e24f0c643eb1d089c7dd20cd73,495d4e95a8cf8bbf8b432b612a2aa328,health_beauty,online_medium,reseller,,0.0
757,9e4d1098a3b0f5da39b0bc48f9876645,4ef15afb4b2723d8f3d81e51ec7afefe,construction_tools_house_garden,industry,reseller,,0.0
758,b1b3ec93fc27a19fdb1c1b1fc997776a,6aa3b86a83d784b05f0e37e26b20860d,household_utilities,online_medium,reseller,50.0,8000.0
759,b90f87164b5f8c2cfa5c8572834dbe3f,2695de1affa7750089c0455f8ce27021,car_accessories,online_big,reseller,,0.0
760,f42a2bd194f7802ab052a815c8de65b7,de63de0d10a6012430098db33c679b0b,home_decor,online_beginner,reseller,,0.0
761,56bf83c4bb35763a51c2baab501b4c67,de63de0d10a6012430098db33c679b0b,car_accessories,industry,reseller,,0.0
762,56bf83c4bb35763a51c2baab501b4c67,d3d1e91a157ea7f90548eef82f1955e3,fashion_accessories,online_top,manufacturer,,0.0
763,09285259593c61296eef10c734121d5b,de63de0d10a6012430098db33c679b0b,household_utilities,online_medium,reseller,,0.0
764,4b339f9567d060bcea4f5136b9f5949e,fbf4aef3f6915dc0c3c97d6812522f6a,health_beauty,online_medium,reseller,,0.0
765,a8387c01a09e99ce014107505b92388c,9ae085775a198122c5586fa830ff7f2b,home_decor,online_medium,reseller,,0.0
766,068066e24f0c643eb1d089c7dd20cd73,495d4e95a8cf8bbf8b432b612a2aa328,sports_leisure,online_big,reseller,,0.0
767,4b339f9567d060bcea4f5136b9f5949e,9ae085775a198122c5586fa830ff7f2b,health_beauty,online_big,reseller,,0.0
768,4b339f9567d060bcea4f5136b9f5949e,fbf4aef3f6915dc0c3c97d6812522f6a,home_decor,online_medium,reseller,,0.0
769,de63de0d10a6012430098db33c679b0b,9ae085775a198122c5586fa830ff7f2b,audio_video_electronics,online_big,reseller,,0.0
770,b90f87164b5f8c2cfa5c8572834dbe3f,4b339f9567d060bcea4f5136b9f5949e,home_decor,industry,manufacturer,,0.0
771,a8387c01a09e99ce014107505b92388c,4ef15afb4b2723d8f3d81e51ec7afefe,household_utilities,online_beginner,reseller,,0.0
772,068066e24f0c643eb1d089c7dd20cd73,2695de1affa7750089c0455f8ce27021,handcrafted,online_medium,manufacturer,,0.0
773,0a0fb2b07d841f84fb6714e35c723075,de63de0d10a6012430098db33c679b0b,home_decor,online_big,manufacturer,,0.0
774,068066e24f0c643eb1d089c7dd20cd73,d3d1e91a157ea7f90548eef82f1955e3,construction_tools_house_garden,industry,manufacturer,,0.0
775,de63de0d10a6012430098db33c679b0b,d3d1e91a157ea7f90548eef82f1955e3,construction_tools_house_garden,online_beginner,reseller,,0.0
776,4b339f9567d060bcea4f5136b9f5949e,6565aa9ce3178a5caf6171827af3a9ba,household_utilities,online_big,manufacturer,,0.0
777,9d12ef1a7eca3ec58c545c678af7869c,6565aa9ce3178a5caf6171827af3a9ba,phone_mobile,online_medium,reseller,,0.0
778,f42a2bd194f7802ab052a815c8de65b7,2695de1affa7750089c0455f8ce27021,car_accessories,offline,reseller,,0.0
779,4b339f9567d060bcea4f5136b9f5949e,d3d1e91a157ea7f90548eef82f1955e3,sports_leisure,online_medium,reseller,,0.0
780,f42a2bd194f7802ab052a815c8de65b7,a8387c01a09e99ce014107505b92388c,toys,online_medium,reseller,300.0,25000.0
781,9e4d1098a3b0f5da39b0bc48f9876645,c638112b43f1d1b86dcabb0da720c901,small_appliances,online_small,manufacturer,,0.0
782,068066e24f0c643eb1d089c7dd20cd73,6565aa9ce3178a5caf6171827af3a9ba,food_drink,offline,reseller,,0.0
783,9d12ef1a7eca3ec58c545c678af7869c,068066e24f0c643eb1d089c7dd20cd73,food_supplement,online_medium,manufacturer,,0.0
784,de63de0d10a6012430098db33c679b0b,d3d1e91a157ea7f90548eef82f1955e3,food_supplement,online_small,reseller,,0.0
785,56bf83c4bb35763a51c2baab501b4c67,495d4e95a8cf8bbf8b432b612a2aa328,sports_leisure,online_medium,manufacturer,,0.0
786,4b339f9567d060bcea4f5136b9f5949e,6565aa9ce3178a5caf6171827af3a9ba,audio_video_electronics,online_big,reseller,,0.0
787,f42a2bd194f7802ab052a815c8de65b7,9d12ef1a7eca3ec58c545c678af7869c,toys,online_small,manufacturer,100.0,50000.0
788,4b339f9567d060bcea4f5136b9f5949e,56bf83c4bb35763a51c2baab501b4c67,baby,online_beginner,manufacturer,,0.0
789,9d12ef1a7eca3ec58c545c678af7869c,fbf4aef3f6915dc0c3c97d6812522f6a,home_decor,online_medium,manufacturer,,0.0
790,b90f87164b5f8c2cfa5c8572834dbe3f,85fc447d336637ba1df43e793199fbc8,health_beauty,industry,manufacturer,,0.0
791,34d40cdaf94010a1d05b0d6212f9e909,4ef15afb4b2723d8f3d81e51ec7afefe,car_accessories,online_big,reseller,,0.0
792,56bf83c4bb35763a51c2baab501b4c67,4ef15afb4b2723d8f3d81e51ec7afefe,food_supplement,offline,reseller,,0.0
793,9e4d1098a3b0f5da39b0bc48f9876645,4ef15afb4b2723d8f3d81e51ec7afefe,gifts,online_medium,reseller,,0.0
794,de63de0d10a6012430098db33c679b0b,6565aa9ce3178a5caf6171827af3a9ba,home_decor,online_medium,reseller,,0.0
795,4b339f9567d060bcea4f5136b9f5949e,4ef15afb4b2723d8f3d81e51ec7afefe,food_supplement,online_medium,reseller,,0.0
796,56bf83c4bb35763a51c2baab501b4c67,fbf4aef3f6915dc0c3c97d6812522f6a,audio_video_electronics,online_big,reseller,,0.0
797,de63de0d10a6012430098db33c679b0b,4ef15afb4b2723d8f3d81e51ec7afefe,handcrafted,offline,reseller,,0.0
798,34d40cdaf94010a1d05b0d6212f9e909,068066e24f0c643eb1d089c7dd20cd73,food_supplement,industry,manufacturer,,0.0
799,4b339f9567d060bcea4f5136b9f5949e,de63de0d10a6012430098db33c679b0b,bed_bath_table,industry,manufacturer,,0.0
800,de63de0d10a6012430098db33c679b0b,d3d1e91a157ea7f90548eef82f1955e3,construction_tools_house_garden,industry,reseller,,0.0
801,9e4d1098a3b0f5da39b0bc48f9876645,495d4e95a8cf8bbf8b432b612a2aa328,sports_leisure,online_big,reseller,,0.0
802,4b339f9567d060bcea4f5136b9f5949e,6565aa9ce3178a5caf6171827af3a9ba,construction_tools_house_garden,online_small,reseller,,0.0
803,370c9f455f93a9a96cbe9bea48e70033,56bf83c4bb35763a51c2baab501b4c67,home_decor,online_beginner,manufacturer,,0.0
804,fdb16d3cbbeb5798f2f66c4096be026d,495d4e95a8cf8bbf8b432b612a2aa328,home_decor,industry,,,0.0
805,370c9f455f93a9a96cbe9bea48e70033,495d4e95a8cf8bbf8b432b612a2aa328,home_decor,online_medium,reseller,,0.0
806,9d12ef1a7eca3ec58c545c678af7869c,4ef15afb4b2723d8f3d81e51ec7afefe,computers,industry,reseller,,0.0
807,068066e24f0c643eb1d089c7dd20cd73,6565aa9ce3178a5caf6171827af3a9ba,fashion_accessories,online_medium,reseller,,0.0
808,de63de0d10a6012430098db33c679b0b,9ae085775a198122c5586fa830ff7f2b,construction_tools_house_garden,industry,reseller,,0.0
809,4b339f9567d060bcea4f5136b9f5949e,068066e24f0c643eb1d089c7dd20cd73,health_beauty,online_medium,reseller,,0.0
810,e4a6222cdb5b34375400904f03d8e6a5,34d40cdaf94010a1d05b0d6212f9e909,other,other,other,305.0,120000.0
811,370c9f455f93a9a96cbe9bea48e70033,de63de0d10a6012430098db33c679b0b,health_beauty,online_medium,reseller,300.0,0.0
812,4b339f9567d060bcea4f5136b9f5949e,56bf83c4bb35763a51c2baab501b4c67,bags_backpacks,offline,reseller,,0.0
813,068066e24f0c643eb1d089c7dd20cd73,9749123c950bf8363ace42cb1c2d0815,construction_tools_house_garden,online_big,manufacturer,10.0,250000.0
814,370c9f455f93a9a96cbe9bea48e70033,6565aa9ce3178a5caf6171827af3a9ba,audio_video_electronics,online_medium,reseller,,0.0
815,068066e24f0c643eb1d089c7dd20cd73,de63de0d10a6012430098db33c679b0b,car_accessories,online_medium,reseller,,0.0
816,f42a2bd194f7802ab052a815c8de65b7,56bf83c4bb35763a51c2baab501b4c67,fashion_accessories,online_beginner,reseller,,0.0
817,068066e24f0c643eb1d089c7dd20cd73,2695de1affa7750089c0455f8ce27021,household_utilities,online_beginner,reseller,,0.0
818,4b339f9567d060bcea4f5136b9f5949e,2695de1affa7750089c0455f8ce27021,phone_mobile,online_big,reseller,,0.0
819,0a0fb2b07d841f84fb6714e35c723075,2695de1affa7750089c0455f8ce27021,sports_leisure,online_small,reseller,,0.0
820,fdb16d3cbbeb5798f2f66c4096be026d,6565aa9ce3178a5caf6171827af3a9ba,books,online_medium,reseller,,0.0
821,56bf83c4bb35763a51c2baab501b4c67,9ae085775a198122c5586fa830ff7f2b,bed_bath_table,online_beginner,reseller,,0.0
822,e7dff61b78bebffa71678e126ce669ad,9ae085775a198122c5586fa830ff7f2b,car_accessories,online_medium,reseller,,0.0
823,9d12ef1a7eca3ec58c545c678af7869c,6565aa9ce3178a5caf6171827af3a9ba,audio_video_electronics,online_medium,reseller,,0.0
824,fdb16d3cbbeb5798f2f66c4096be026d,9ae085775a198122c5586fa830ff7f2b,pet,online_medium,reseller,,0.0
825,9d12ef1a7eca3ec58c545c678af7869c,495d4e95a8cf8bbf8b432b612a2aa328,stationery,online_medium,reseller,,0.0
826,9d12ef1a7eca3ec58c545c678af7869c,068066e24f0c643eb1d089c7dd20cd73,health_beauty,online_big,reseller,,0.0
827,068066e24f0c643eb1d089c7dd20cd73,de63de0d10a6012430098db33c679b0b,household_utilities,online_medium,reseller,,0.0
828,068066e24f0c643eb1d089c7dd20cd73,060c0a26f19f4d66b42e0d8796688490,food_drink,industry,manufacturer,,0.0
829,370c9f455f93a9a96cbe9bea48e70033,4ef15afb4b2723d8f3d81e51ec7afefe,computers,,reseller,,0.0
830,9ae085775a198122c5586fa830ff7f2b,c638112b43f1d1b86dcabb0da720c901,computers,offline,reseller,,0.0
831,09285259593c61296eef10c734121d5b,d3d1e91a157ea7f90548eef82f1955e3,food_supplement,online_small,reseller,,0.0
832,4b339f9567d060bcea4f5136b9f5949e,4ef15afb4b2723d8f3d81e51ec7afefe,audio_video_electronics,online_medium,reseller,,0.0
833,a8387c01a09e99ce014107505b92388c,85fc447d336637ba1df43e793199fbc8,household_utilities,online_medium,reseller,,0.0
834,370c9f455f93a9a96cbe9bea48e70033,4ef15afb4b2723d8f3d81e51ec7afefe,health_beauty,online_medium,reseller,,0.0
835,9d12ef1a7eca3ec58c545c678af7869c,a8387c01a09e99ce014107505b92388c,food_supplement,online_small,reseller,,0.0
836,56bf83c4bb35763a51c2baab501b4c67,c638112b43f1d1b86dcabb0da720c901,car_accessories,online_medium,manufacturer,,0.0
837,45749fb708130f78d0db07d8d80f030b,a8387c01a09e99ce014107505b92388c,home_decor,offline,reseller,,0.0
838,370c9f455f93a9a96cbe9bea48e70033,4b339f9567d060bcea4f5136b9f5949e,construction_tools_house_garden,online_big,reseller,132.0,200000.0
839,370c9f455f93a9a96cbe9bea48e70033,a8387c01a09e99ce014107505b92388c,computers,online_medium,reseller,,0.0
840,068066e24f0c643eb1d089c7dd20cd73,d3d1e91a157ea7f90548eef82f1955e3,pet,online_beginner,reseller,,0.0
841,56bf83c4bb35763a51c2baab501b4c67,de63de0d10a6012430098db33c679b0b,household_utilities,industry,manufacturer,,0.0
